,,,,,,,,,,,,,,
СНИЛС: 15995549544,266,261,78,88,95,5,нет,нет,нет,нет,3,,с/о,
СНИЛС: 16213019113,256,256,74,93,89,0,нет,нет,нет,нет,4,,с/о,
СНИЛС: 16201404201,254,250,74,83,93,4,нет,нет,нет,нет,4,,с/о,
СНИЛС: 15983281411,253,253,74,88,91,0,нет,нет,нет,нет,3,,с/о,
СНИЛС: 17109415247,230,225,80,62,83,5,нет,нет,нет,нет,2,,б/о,
СНИЛС: 19261404261,194,194,64,51,79,0,нет,нет,нет,нет,2,,с/о,
СНИЛС: 16258161165,,,,,,2,нет,нет,нет,нет,4,,с/о,
