,,,,,,,,,
,,,,,,,,,
,,,,,,,,,
"
                            3
                        ","
", 187-407-802 99 ,Не требуется,,-,Оригинал,Олимпиада: Всероссийский конкурс научных работ школьников «Юниор» (инженерные науки)Статус: ПобедительИД: 10,1,
"
                            4
                        ","
", 200-662-976 38 ,Обязательно,,-,Оригинал,Олимпиада: Инженерная олимпиада школьников (физика)Статус: ПобедительИД: 10,1,
"
                            5
                        ","
", 172-526-223 55 ,Не требуется,,-,Оригинал,Олимпиада: Олимпиада школьников «Физтех» (математика)Статус: ПобедительИД: 10,1,
"
                            9
                        ","
", 148-842-552 99 ,Не требуется,,-,Оригинал,Олимпиада: Олимпиада школьников «Робофест»Статус: ПобедительИД: 10,1,
"
                            12
                        ","
", 183-317-755 80 ,Обязательно,,-,Оригинал,Олимпиада: Межрегиональная олимпиада школьников на базе ведомственных образовательных организаций (математика)Статус: ПризерИД: 10,1,
"
                            13
                        ","
", 184-435-442 81 ,Не требуется,,-,Оригинал,Олимпиада: Олимпиада Курчатов (физика)Статус: ПризерИД: 10,1,
"
                            16
                        ","
", 206-653-245 51 ,Обязательно,,-,Оригинал,Олимпиада: Олимпиада школьников «Шаг в будущее» (физика)Статус: ПризерИД: 10,1,
"
                            17
                        ","
", 171-870-843 89 ,Обязательно,,-,Оригинал,Олимпиада: Отраслевая физико-математическая олимпиада школьников «Росатом» (физика)Статус: ПризерИД: 10,1,
"
                            25
                        ","
", 158-646-723 11 ,Обязательно,,-,Оригинал,Олимпиада: Олимпиада школьников «Физтех» (математика)Статус: ПризерИД: 10,1,
"
                            26
                        ","
", 177-807-147 06 ,Обязательно,,-,Оригинал,Олимпиада: Отраслевая физико-математическая олимпиада школьников «Росатом» (математика)Статус: ПризерИД: 10,1,
"
                            28
                        ","
", 165-304-249 48 ,Обязательно,,-,Оригинал,Олимпиада: Городская открытая олимпиада школьников по физике (физика)Статус: ПризерИД: 10,1,
"
                            30
                        ","
", 163-372-348 63 ,Обязательно,,-,Оригинал,Олимпиада: Открытая олимпиада школьников (информатика)Статус: ПризерИД: 10,1,
"
                            32
                        ","
", 169-818-677 42 ,Не требуется,,-,Оригинал,Олимпиада: Отраслевая физико-математическая олимпиада школьников «Росатом» (математика)Статус: ПризерИД: 8,1,
"
                            33
                        ","
", 172-275-391 73 ,Обязательно,,-,Оригинал,Олимпиада: Олимпиада школьников по программированию «ТехноКубок» (информатика)Статус: ПризерИД: 8,1,
,,,,,,,,,
