,,,,,,,,,
,,,,Конк.группаПриор. / Статус /  №(№ориг.) из мест,,,,,
1,000088265,Копия,4,09.03.03 Прикладная информатика/Бюджетная основа/Общие места (очн.)  1 / Копия / 236 (35) из 2209.03.03 Прикладная информатика/Бюджетная основа/ОП/Отдельная квота (очн.)  без экз. 1 / Копия / 1 (1) из 309.03.02 Информационные системы и технологии/Бюджетная основа/Общие места (очн.)  2 / Копия / 142 (19) из 609.03.02 Информационные системы и технологии/Бюджетная основа/ОП/Отдельная квота (очн.)  без экз. 2 / Копия / 1 (1) из 102.03.02 Фундаментальная информатика и информационные технологии/Бюджетная основа/Общие места (очн.)  3 / Копия / 239 (66) из 1402.03.02 Фундаментальная информатика и информационные технологии/Бюджетная основа/ОП/Отдельная квота (очн.)  без экз. 3 / Копия / 2 (2) из 209.03.01 Информатика и вычислительная техника/Бюджетная основа/Общие места (очн.)  4 / Копия / 324 (65) из 22,,,,,
2 (1),000085494,Ориг.,5,02.03.02 Фундаментальная информатика и информационные технологии/Бюджетная основа/Общие места (очн.)  1 / Ориг. / 163 (46) из 1402.03.02 Фундаментальная информатика и информационные технологии/Бюджетная основа/ОП/Отдельная квота (очн.)  без экз. 1 / Ориг. / 1 (1) из 209.03.04 Программная инженерия/Бюджетная основа/Общие места (очн.)  2 / Ориг. / 172 (41) из 1409.03.04 Программная инженерия/Бюджетная основа/ОП/Отдельная квота (очн.)  без экз. 2 / Ориг. / 1 (1) из 210.05.01 Компьютерная безопасность/Бюджетная основа/Общие места (очн.)  3 / Ориг. / 125 (36) из 2010.05.01 Компьютерная безопасность/Бюджетная основа/ОП/Отдельная квота (очн.)  без экз. 3 / Ориг. / 1 (1) из 402.03.03 Математическое обеспечение и администрирование информационных систем/Бюджетная основа/Общие места (очн.)  4 / Ориг. / 143 (38) из 1802.03.03 Математическое обеспечение и администрирование информационных систем/Бюджетная основа/ОП/Отдельная квота (очн.)  без экз. 4 / Ориг. / 1 (1) из 309.03.01 Информатика и вычислительная техника/Бюджетная основа/Общие места (очн.)  5 / Ориг. / 164 (37) из 22,,,,,
,,,Экзамен 1,Экзамен 2,Экзамен 3,Индивидуальное достижение,,,Конк.группаПриор. / Статус /  №(№ориг.) из мест
1,000087203,192,58,62,72,---,Копия,3,02.03.02 Фундаментальная информатика и информационные технологии/Бюджетная основа/ОП/Отдельная квота (очн.)  ОП 1 / Копия / 2 (2) из 209.03.04 Программная инженерия/Бюджетная основа/ОП/Отдельная квота (очн.)  ОП 2 / Копия / 2 (2) из 2
2 (1),000094061,189,64,62,63,---,Ориг.,2,09.03.04 Программная инженерия/Бюджетная основа/Общие места (очн.)  1 / Ориг. / 360 (63) из 1409.03.04 Программная инженерия/Бюджетная основа/ОП/Отдельная квота (очн.)  ОП 1 / Ориг. / 3 (2) из 209.03.01 Информатика и вычислительная техника/Бюджетная основа/Общие места (очн.)  2 / Ориг. / 435 (81) из 2210.05.01 Компьютерная безопасность/Бюджетная основа/Общие места (очн.)  3 / Ориг. / 333 (73) из 2010.05.01 Компьютерная безопасность/Бюджетная основа/ОП/Отдельная квота (очн.)  ОП 3 / Ориг. / 2 (1) из 402.03.03 Математическое обеспечение и администрирование информационных систем/Бюджетная основа/Общие места (очн.)  4 / Ориг. / 270 (64) из 1802.03.03 Математическое обеспечение и администрирование информационных систем/Бюджетная основа/ОП/Отдельная квота (очн.)  ОП 4 / Ориг. / 1 (1) из 302.03.02 Фундаментальная информатика и информационные технологии/Бюджетная основа/Общие места (очн.)  5 / Ориг. / 279 (68) из 1402.03.02 Фундаментальная информатика и информационные технологии/Бюджетная основа/ОП/Отдельная квота (очн.)  ОП 5 / Ориг. / 3 (2) из 2
3,000088124,172,58,56,58,---,Копия,2,09.03.02 Информационные системы и технологии/Бюджетная основа/Общие места (очн.)  1 / Копия / 343 (47) из 609.03.02 Информационные системы и технологии/Бюджетная основа/ОП/Отдельная квота (очн.)  ОП 1 / Копия / 3 (2) из 109.03.01 Информатика и вычислительная техника/Бюджетная основа/Общие места (очн.)  2 / Копия / 505 (91) из 2202.03.03 Математическое обеспечение и администрирование информационных систем/Бюджетная основа/Общие места (очн.)  3 / Копия / 293 (70) из 1802.03.03 Математическое обеспечение и администрирование информационных систем/Бюджетная основа/ОП/Отдельная квота (очн.)  ОП 3 / Копия / 2 (2) из 301.03.02 Прикладная математика и информатика/Бюджетная основа/Общие места (очн.)  4 / Копия / 362 (69) из 3501.03.02 Прикладная математика и информатика/Бюджетная основа/ОП/Отдельная квота (очн.)  ОП 4 / Копия / 2 (1) из 502.03.02 Фундаментальная информатика и информационные технологии/Бюджетная основа/Общие места (очн.)  5 / Копия / 303 (74) из 1402.03.02 Фундаментальная информатика и информационные технологии/Бюджетная основа/ОП/Отдельная квота (очн.)  ОП 5 / Копия / 5 (3) из 2
4,000092915,152,40,54,58,---,Копия,3,09.03.04 Программная инженерия/Бюджетная основа/ОП/Отдельная квота (очн.)  ОП 1 / Копия / 6 (3) из 238.03.05 Бизнес-информатика/Бюджетная основа/ОП/Отдельная квота (очн.)  ОП 2 / Копия / 2 (2) из 302.03.02 Фундаментальная информатика и информационные технологии/Бюджетная основа/ОП/Отдельная квота (очн.)  ОП 4 / Копия / 6 (3) из 209.03.02 Информационные системы и технологии/Бюджетная основа/ОП/Отдельная квота (очн.)  ОП 5 / Копия / 6 (3) из 1
5,000088779,150,39,45,66,---,Копия,1,09.03.01 Информатика и вычислительная техника/Бюджетная основа/Общие места (очн.)  1 / Копия / 542 (97) из 2209.03.02 Информационные системы и технологии/Бюджетная основа/Общие места (очн.)  2 / Копия / 391 (59) из 609.03.02 Информационные системы и технологии/Бюджетная основа/ОП/Отдельная квота (очн.)  ОП 2 / Копия / 7 (3) из 111.03.03 Конструирование и технология электронных средств/Бюджетная основа/Общие места (очн.)  3 / Копия / 78 (19) из 511.03.03 Конструирование и технология электронных средств/Бюджетная основа/ОП/Отдельная квота (очн.)  ОП 3 / Копия / 1 (1) из 109.03.04 Программная инженерия/Бюджетная основа/Общие места (очн.)  4 / Копия / 431 (75) из 1409.03.04 Программная инженерия/Бюджетная основа/ОП/Отдельная квота (очн.)  ОП 4 / Копия / 7 (3) из 2
