,,,,,,,,,
,,,Экзамен 1,Экзамен 2,Экзамен 3,Индивидуальное достижение,,,Конк.группаПриор. / Статус /  №(№ориг.) из мест
1 (1),160-092-438 35,277,88,90,91,8,Ориг.,1,02.03.03 Математическое обеспечение и администрирование информационных систем/Бюджетная основа/Общие места (очн.)  1 / Ориг. / 13 (4) из 1809.03.04 Программная инженерия/Бюджетная основа/Общие места (очн.)  2 / Ориг. / 15 (4) из 1402.03.02 Фундаментальная информатика и информационные технологии/Бюджетная основа/Общие места (очн.)  3 / Ориг. / 12 (4) из 14
2 (2),160-478-019 58,268,78,90,95,5,Ориг.,3,09.03.04 Программная инженерия/Бюджетная основа/Общие места (очн.)  1 / Ориг. / 31 (6) из 1402.03.02 Фундаментальная информатика и информационные технологии/Бюджетная основа/Общие места (очн.)  2 / Ориг. / 24 (6) из 1402.03.03 Математическое обеспечение и администрирование информационных систем/Бюджетная основа/Общие места (очн.)  3 / Ориг. / 18 (5) из 1838.03.05 Бизнес-информатика/Бюджетная основа/Общие места (очн.)  4 / Ориг. / 7 (2) из 1609.03.01 Информатика и вычислительная техника/Бюджетная основа/Общие места (очн.)  5 / Ориг. / 17 (2) из 22
3,178-826-443 24,262,76,88,93,5,Копия,3,09.03.04 Программная инженерия/Бюджетная основа/Общие места (очн.)  1 / Копия / 48 (9) из 1402.03.02 Фундаментальная информатика и информационные технологии/Бюджетная основа/Общие места (очн.)  2 / Копия / 35 (8) из 1402.03.03 Математическое обеспечение и администрирование информационных систем/Бюджетная основа/Общие места (очн.)  3 / Копия / 27 (7) из 1810.05.01 Компьютерная безопасность/Бюджетная основа/Общие места (очн.)  4 / Копия / 21 (7) из 2001.03.02 Прикладная математика и информатика/Бюджетная основа/Общие места (очн.)  5 / Копия / 12 (1) из 35
4,159-751-175 03,261,84,90,87,---,Копия,3,09.03.04 Программная инженерия/Бюджетная основа/Общие места (очн.)  1 / Копия / 49 (9) из 1402.03.02 Фундаментальная информатика и информационные технологии/Бюджетная основа/Общие места (очн.)  2 / Копия / 36 (8) из 1402.03.03 Математическое обеспечение и администрирование информационных систем/Бюджетная основа/Общие места (очн.)  3 / Копия / 28 (7) из 1810.05.01 Компьютерная безопасность/Бюджетная основа/Общие места (очн.)  4 / Копия / 22 (7) из 20
5,159-955-495 44,261,78,88,95,---,Копия,2,02.03.02 Фундаментальная информатика и информационные технологии/Бюджетная основа/Общие места (очн.)  1 / Копия / 38 (8) из 1402.03.03 Математическое обеспечение и администрирование информационных систем/Бюджетная основа/Общие места (очн.)  2 / Копия / 30 (7) из 1809.03.04 Программная инженерия/Бюджетная основа/Общие места (очн.)  3 / Копия / 51 (9) из 1410.05.01 Компьютерная безопасность/Бюджетная основа/Общие места (очн.)  4 / Копия / 23 (7) из 2009.03.01 Информатика и вычислительная техника/Бюджетная основа/Общие места (очн.)  5 / Копия / 29 (5) из 22
6 (3),162-697-578 15,257,80,83,93,1,Ориг.,1,02.03.03 Математическое обеспечение и администрирование информационных систем/Бюджетная основа/Общие места (очн.)  1 / Ориг. / 41 (8) из 1802.03.02 Фундаментальная информатика и информационные технологии/Бюджетная основа/Общие места (очн.)  2 / Ориг. / 51 (11) из 1409.03.04 Программная инженерия/Бюджетная основа/Общие места (очн.)  3 / Ориг. / 61 (11) из 1410.05.01 Компьютерная безопасность/Бюджетная основа/Общие места (очн.)  4 / Ориг. / 29 (9) из 20
7,159-708-983 30,256,76,93,87,---,Копия,3,09.03.04 Программная инженерия/Бюджетная основа/Общие места (очн.)  1 / Копия / 68 (13) из 1402.03.02 Фундаментальная информатика и информационные технологии/Бюджетная основа/Общие места (очн.)  2 / Копия / 58 (13) из 1402.03.03 Математическое обеспечение и администрирование информационных систем/Бюджетная основа/Общие места (очн.)  3 / Копия / 47 (10) из 1809.03.01 Информатика и вычислительная техника/Бюджетная основа/Общие места (очн.)  4 / Копия / 49 (8) из 2210.05.01 Компьютерная безопасность/Бюджетная основа/Общие места (очн.)  5 / Копия / 35 (11) из 20
8,173-083-895 84,255,74,85,91,5,Копия,4,09.03.04 Программная инженерия/Бюджетная основа/Общие места (очн.)  1 / Копия / 72 (14) из 1402.03.02 Фундаментальная информатика и информационные технологии/Бюджетная основа/Общие места (очн.)  2 / Копия / 62 (14) из 1409.03.01 Информатика и вычислительная техника/Бюджетная основа/Общие места (очн.)  3 / Копия / 51 (8) из 2202.03.03 Математическое обеспечение и администрирование информационных систем/Бюджетная основа/Общие места (очн.)  4 / Копия / 50 (11) из 1809.03.03 Прикладная информатика/Бюджетная основа/Общие места (очн.)  5 / Копия / 25 (4) из 2209.03.03 Прикладная информатика/Бюджетная основа/Общие места (очн.)  6 / Копия / 3 (1) из 7
9 (4),162-034-299 34,254,86,72,91,5,Ориг.,1,02.03.03 Математическое обеспечение и администрирование информационных систем/Бюджетная основа/Общие места (очн.)  1 / Ориг. / 51 (11) из 1809.03.01 Информатика и вычислительная техника/Бюджетная основа/Общие места (очн.)  2 / Ориг. / 53 (8) из 2202.03.02 Фундаментальная информатика и информационные технологии/Бюджетная основа/Общие места (очн.)  3 / Ориг. / 63 (14) из 1410.05.01 Компьютерная безопасность/Бюджетная основа/Общие места (очн.)  4 / Ориг. / 40 (13) из 2002.03.01 Математика и компьютерные науки/Бюджетная основа/Общие места (очн.)  5 / Ориг. / 11 (1) из 19
10,160-299-780 86,252,74,83,95,---,Копия,2,09.03.04 Программная инженерия/Бюджетная основа/Общие места (очн.)  1 / Копия / 87 (19) из 1402.03.03 Математическое обеспечение и администрирование информационных систем/Бюджетная основа/Общие места (очн.)  2 / Копия / 60 (15) из 1802.03.02 Фундаментальная информатика и информационные технологии/Бюджетная основа/Общие места (очн.)  3 / Копия / 75 (20) из 1410.05.01 Компьютерная безопасность/Бюджетная основа/Общие места (очн.)  4 / Копия / 49 (16) из 2009.03.01 Информатика и вычислительная техника/Бюджетная основа/Общие места (очн.)  5 / Копия / 61 (12) из 22
11,160-808-608 62,252,72,90,85,5,Копия,5,09.03.04 Программная инженерия/Бюджетная основа/Общие места (очн.)  1 / Копия / 88 (19) из 1409.03.01 Информатика и вычислительная техника/Бюджетная основа/Общие места (очн.)  2 / Копия / 62 (12) из 2210.05.01 Компьютерная безопасность/Бюджетная основа/Общие места (очн.)  3 / Копия / 50 (16) из 2002.03.02 Фундаментальная информатика и информационные технологии/Бюджетная основа/Общие места (очн.)  4 / Копия / 76 (20) из 1402.03.03 Математическое обеспечение и администрирование информационных систем/Бюджетная основа/Общие места (очн.)  5 / Копия / 61 (15) из 18
12 (5),162-271-019 32,251,82,78,91,---,Ориг.,1,02.03.03 Математическое обеспечение и администрирование информационных систем/Бюджетная основа/Общие места (очн.)  1 / Ориг. / 66 (16) из 1802.03.02 Фундаментальная информатика и информационные технологии/Бюджетная основа/Общие места (очн.)  2 / Ориг. / 81 (21) из 1409.03.04 Программная инженерия/Бюджетная основа/Общие места (очн.)  3 / Ориг. / 92 (20) из 1409.03.01 Информатика и вычислительная техника/Бюджетная основа/Общие места (очн.)  4 / Ориг. / 66 (12) из 22
13 (6),163-263-174 52,251,80,85,81,5,Ориг.,1,02.03.03 Математическое обеспечение и администрирование информационных систем/Бюджетная основа/Общие места (очн.)  1 / Ориг. / 67 (17) из 1802.03.02 Фундаментальная информатика и информационные технологии/Бюджетная основа/Общие места (очн.)  2 / Ориг. / 82 (22) из 1409.03.01 Информатика и вычислительная техника/Бюджетная основа/Общие места (очн.)  3 / Ориг. / 67 (13) из 2209.03.04 Программная инженерия/Бюджетная основа/Общие места (очн.)  4 / Ориг. / 93 (21) из 1402.03.01 Математика и компьютерные науки/Бюджетная основа/Общие места (очн.)  5 / Ориг. / 14 (3) из 19
14 (7),188-022-809 79,251,78,78,95,---,Ориг.,4,09.03.04 Программная инженерия/Бюджетная основа/Общие места (очн.)  1 / Ориг. / 94 (22) из 1402.03.02 Фундаментальная информатика и информационные технологии/Бюджетная основа/Общие места (очн.)  2 / Ориг. / 83 (23) из 1410.05.01 Компьютерная безопасность/Бюджетная основа/Общие места (очн.)  3 / Ориг. / 53 (16) из 2002.03.03 Математическое обеспечение и администрирование информационных систем/Бюджетная основа/Общие места (очн.)  4 / Ориг. / 68 (18) из 1809.03.01 Информатика и вычислительная техника/Бюджетная основа/Общие места (очн.)  5 / Ориг. / 68 (14) из 22
15,172-386-342 79,250,86,72,87,5,Копия,4,09.03.04 Программная инженерия/Бюджетная основа/Общие места (очн.)  1 / Копия / 96 (23) из 1410.05.01 Компьютерная безопасность/Бюджетная основа/Общие места (очн.)  2 / Копия / 54 (17) из 2009.03.01 Информатика и вычислительная техника/Бюджетная основа/Общие места (очн.)  3 / Копия / 70 (15) из 2202.03.03 Математическое обеспечение и администрирование информационных систем/Бюджетная основа/Общие места (очн.)  4 / Копия / 70 (19) из 1802.03.02 Фундаментальная информатика и информационные технологии/Бюджетная основа/Общие места (очн.)  5 / Копия / 85 (24) из 14
16 (8),156-230-761 51,250,80,88,79,3,Ориг.,3,09.03.04 Программная инженерия/Бюджетная основа/Общие места (очн.)  1 / Ориг. / 97 (23) из 1402.03.02 Фундаментальная информатика и информационные технологии/Бюджетная основа/Общие места (очн.)  2 / Ориг. / 86 (24) из 1402.03.03 Математическое обеспечение и администрирование информационных систем/Бюджетная основа/Общие места (очн.)  3 / Ориг. / 71 (19) из 1809.03.01 Информатика и вычислительная техника/Бюджетная основа/Общие места (очн.)  4 / Ориг. / 71 (15) из 2210.05.01 Компьютерная безопасность/Бюджетная основа/Общие места (очн.)  5 / Ориг. / 55 (17) из 20
17,160-359-505 55,248,76,85,87,---,Копия,3,09.03.04 Программная инженерия/Бюджетная основа/Общие места (очн.)  1 / Копия / 104 (26) из 1402.03.02 Фундаментальная информатика и информационные технологии/Бюджетная основа/Общие места (очн.)  2 / Копия / 94 (27) из 1402.03.03 Математическое обеспечение и администрирование информационных систем/Бюджетная основа/Общие места (очн.)  3 / Копия / 75 (21) из 1810.05.01 Компьютерная безопасность/Бюджетная основа/Общие места (очн.)  4 / Копия / 61 (20) из 2009.03.01 Информатика и вычислительная техника/Бюджетная основа/Общие места (очн.)  5 / Копия / 78 (17) из 22
18 (9),161-288-728 80,247,80,80,87,---,Ориг.,3,09.03.04 Программная инженерия/Бюджетная основа/Общие места (очн.)  1 / Ориг. / 109 (28) из 1402.03.02 Фундаментальная информатика и информационные технологии/Бюджетная основа/Общие места (очн.)  2 / Ориг. / 99 (29) из 1402.03.03 Математическое обеспечение и администрирование информационных систем/Бюджетная основа/Общие места (очн.)  3 / Ориг. / 80 (24) из 1810.05.01 Компьютерная безопасность/Бюджетная основа/Общие места (очн.)  4 / Ориг. / 65 (23) из 2009.03.01 Информатика и вычислительная техника/Бюджетная основа/Общие места (очн.)  5 / Ориг. / 84 (20) из 22
19,157-416-321 64,242,78,83,81,---,Копия,5,09.03.04 Программная инженерия/Бюджетная основа/Общие места (очн.)  1 / Копия / 128 (33) из 1402.03.02 Фундаментальная информатика и информационные технологии/Бюджетная основа/Общие места (очн.)  2 / Копия / 122 (34) из 1410.05.01 Компьютерная безопасность/Бюджетная основа/Общие места (очн.)  3 / Копия / 83 (27) из 2009.03.01 Информатика и вычислительная техника/Бюджетная основа/Общие места (очн.)  4 / Копия / 108 (24) из 2202.03.03 Математическое обеспечение и администрирование информационных систем/Бюджетная основа/Общие места (очн.)  5 / Копия / 103 (29) из 18
20,163-085-081 54,242,76,83,83,---,Копия,2,09.03.04 Программная инженерия/Бюджетная основа/Общие места (очн.)  1 / Копия / 130 (33) из 1402.03.03 Математическое обеспечение и администрирование информационных систем/Бюджетная основа/Общие места (очн.)  2 / Копия / 105 (29) из 1838.03.05 Бизнес-информатика/Бюджетная основа/Общие места (очн.)  3 / Копия / 68 (20) из 1602.03.02 Фундаментальная информатика и информационные технологии/Бюджетная основа/Общие места (очн.)  4 / Копия / 124 (34) из 1410.05.01 Компьютерная безопасность/Бюджетная основа/Общие места (очн.)  5 / Копия / 85 (27) из 20
21,169-942-023 07,242,76,75,91,---,Копия,3,10.05.01 Компьютерная безопасность/Бюджетная основа/Общие места (очн.)  1 / Копия / 86 (27) из 2009.03.03 Прикладная информатика/Бюджетная основа/Общие места (очн.)  2 / Копия / 52 (8) из 2202.03.03 Математическое обеспечение и администрирование информационных систем/Бюджетная основа/Общие места (очн.)  3 / Копия / 106 (29) из 1801.03.03 Механика и математическое моделирование/Бюджетная основа/Общие места (очн.)  4 / Копия / 6 (1) из 709.03.01 Информатика и вычислительная техника/Бюджетная основа/Общие места (очн.)  5 / Копия / 110 (24) из 22
22,160-248-053 33,241,82,78,81,---,Копия,3,09.03.01 Информатика и вычислительная техника/Бюджетная основа/Общие места (очн.)  1 / Копия / 114 (25) из 2201.03.02 Прикладная математика и информатика/Бюджетная основа/Общие места (очн.)  2 / Копия / 46 (7) из 3502.03.03 Математическое обеспечение и администрирование информационных систем/Бюджетная основа/Общие места (очн.)  3 / Копия / 109 (30) из 1809.03.03 Прикладная информатика/Бюджетная основа/Общие места (очн.)  4 / Копия / 55 (9) из 2202.03.01 Математика и компьютерные науки/Бюджетная основа/Общие места (очн.)  5 / Копия / 25 (4) из 1909.03.03 Прикладная информатика/Бюджетная основа/Общие места (очн.)  6 / Копия / 5 (1) из 7
23 (10),160-359-552 62,241,76,80,85,---,Ориг.,2,02.03.02 Фундаментальная информатика и информационные технологии/Бюджетная основа/Общие места (очн.)  1 / Ориг. / 127 (35) из 1402.03.03 Математическое обеспечение и администрирование информационных систем/Бюджетная основа/Общие места (очн.)  2 / Ориг. / 110 (30) из 1809.03.01 Информатика и вычислительная техника/Бюджетная основа/Общие места (очн.)  3 / Ориг. / 116 (25) из 2209.03.04 Программная инженерия/Бюджетная основа/Общие места (очн.)  4 / Ориг. / 134 (34) из 1402.03.01 Математика и компьютерные науки/Бюджетная основа/Общие места (очн.)  5 / Ориг. / 26 (4) из 19
24,177-449-968 39,240,84,75,81,---,Копия,1,09.03.04 Программная инженерия/Бюджетная основа/Общие места (очн.)  1 / Копия / 138 (36) из 1402.03.02 Фундаментальная информатика и информационные технологии/Бюджетная основа/Общие места (очн.)  2 / Копия / 128 (36) из 1402.03.03 Математическое обеспечение и администрирование информационных систем/Бюджетная основа/Общие места (очн.)  3 / Копия / 112 (32) из 1809.03.01 Информатика и вычислительная техника/Бюджетная основа/Общие места (очн.)  4 / Копия / 118 (26) из 2238.03.05 Бизнес-информатика/Бюджетная основа/Общие места (очн.)  5 / Копия / 72 (20) из 16
25,196-601-915 96,240,78,85,77,---,Копия,3,09.03.04 Программная инженерия/Бюджетная основа/Общие места (очн.)  1 / Копия / 140 (37) из 1402.03.02 Фундаментальная информатика и информационные технологии/Бюджетная основа/Общие места (очн.)  2 / Копия / 130 (37) из 1402.03.03 Математическое обеспечение и администрирование информационных систем/Бюджетная основа/Общие места (очн.)  3 / Копия / 113 (32) из 1809.03.01 Информатика и вычислительная техника/Бюджетная основа/Общие места (очн.)  4 / Копия / 120 (27) из 2210.05.01 Компьютерная безопасность/Бюджетная основа/Общие места (очн.)  5 / Копия / 92 (28) из 20
26 (11),171-818-665 91,240,72,80,83,5,Ориг.,2,10.05.01 Компьютерная безопасность/Бюджетная основа/Общие места (очн.)  1 / Ориг. / 95 (29) из 2002.03.03 Математическое обеспечение и администрирование информационных систем/Бюджетная основа/Общие места (очн.)  2 / Ориг. / 115 (32) из 1802.03.02 Фундаментальная информатика и информационные технологии/Бюджетная основа/Общие места (очн.)  3 / Ориг. / 133 (37) из 14
27,183-476-784 16,240,72,72,91,5,Копия,5,09.03.01 Информатика и вычислительная техника/Бюджетная основа/Общие места (очн.)  1 / Копия / 123 (28) из 2209.03.04 Программная инженерия/Бюджетная основа/Общие места (очн.)  2 / Копия / 143 (38) из 1410.05.01 Компьютерная безопасность/Бюджетная основа/Общие места (очн.)  3 / Копия / 96 (30) из 2002.03.02 Фундаментальная информатика и информационные технологии/Бюджетная основа/Общие места (очн.)  4 / Копия / 134 (38) из 1402.03.03 Математическое обеспечение и администрирование информационных систем/Бюджетная основа/Общие места (очн.)  5 / Копия / 116 (33) из 18
28 (12),149-346-591 99,238,70,85,83,---,Ориг.,2,02.03.02 Фундаментальная информатика и информационные технологии/Бюджетная основа/Общие места (очн.)  1 / Ориг. / 143 (41) из 1402.03.03 Математическое обеспечение и администрирование информационных систем/Бюджетная основа/Общие места (очн.)  2 / Ориг. / 124 (34) из 1809.03.01 Информатика и вычислительная техника/Бюджетная основа/Общие места (очн.)  3 / Ориг. / 134 (30) из 2210.05.01 Компьютерная безопасность/Бюджетная основа/Общие места (очн.)  4 / Ориг. / 103 (32) из 2001.03.02 Прикладная математика и информатика/Бюджетная основа/Общие места (очн.)  5 / Ориг. / 55 (8) из 35
29,164-991-217 01,237,70,95,72,---,Копия,3,09.03.04 Программная инженерия/Бюджетная основа/Общие места (очн.)  1 / Копия / 159 (41) из 1402.03.02 Фундаментальная информатика и информационные технологии/Бюджетная основа/Общие места (очн.)  2 / Копия / 147 (43) из 1402.03.03 Математическое обеспечение и администрирование информационных систем/Бюджетная основа/Общие места (очн.)  3 / Копия / 129 (37) из 1810.05.01 Компьютерная безопасность/Бюджетная основа/Общие места (очн.)  4 / Копия / 111 (35) из 2009.03.01 Информатика и вычислительная техника/Бюджетная основа/Общие места (очн.)  5 / Копия / 142 (34) из 22
30,172-335-096 55,237,70,80,87,---,Копия,3,09.03.04 Программная инженерия/Бюджетная основа/Общие места (очн.)  1 / Копия / 160 (41) из 1402.03.02 Фундаментальная информатика и информационные технологии/Бюджетная основа/Общие места (очн.)  2 / Копия / 148 (43) из 1402.03.03 Математическое обеспечение и администрирование информационных систем/Бюджетная основа/Общие места (очн.)  3 / Копия / 130 (37) из 1810.05.01 Компьютерная безопасность/Бюджетная основа/Общие места (очн.)  4 / Копия / 112 (35) из 2009.03.01 Информатика и вычислительная техника/Бюджетная основа/Общие места (очн.)  5 / Копия / 143 (34) из 22
31,166-250-622 59,235,74,88,73,---,Копия,2,02.03.02 Фундаментальная информатика и информационные технологии/Бюджетная основа/Общие места (очн.)  1 / Копия / 154 (46) из 1402.03.03 Математическое обеспечение и администрирование информационных систем/Бюджетная основа/Общие места (очн.)  2 / Копия / 133 (38) из 1809.03.04 Программная инженерия/Бюджетная основа/Общие места (очн.)  3 / Копия / 165 (41) из 1409.03.01 Информатика и вычислительная техника/Бюджетная основа/Общие места (очн.)  4 / Копия / 152 (37) из 2202.03.01 Математика и компьютерные науки/Бюджетная основа/Общие места (очн.)  5 / Копия / 36 (10) из 19
32,171-271-408 42,234,82,75,77,---,Копия,3,09.03.04 Программная инженерия/Бюджетная основа/Общие места (очн.)  1 / Копия / 168 (41) из 1402.03.02 Фундаментальная информатика и информационные технологии/Бюджетная основа/Общие места (очн.)  2 / Копия / 158 (46) из 1402.03.03 Математическое обеспечение и администрирование информационных систем/Бюджетная основа/Общие места (очн.)  3 / Копия / 137 (38) из 1810.05.01 Компьютерная безопасность/Бюджетная основа/Общие места (очн.)  4 / Копия / 119 (35) из 2009.03.01 Информатика и вычислительная техника/Бюджетная основа/Общие места (очн.)  5 / Копия / 157 (37) из 22
33,201-991-439 54,233,72,70,91,---,Копия,3,01.03.02 Прикладная математика и информатика/Бюджетная основа/Общие места (очн.)  1 / Копия / 79 (17) из 3502.03.01 Математика и компьютерные науки/Бюджетная основа/Общие места (очн.)  2 / Копия / 42 (11) из 1902.03.03 Математическое обеспечение и администрирование информационных систем/Бюджетная основа/Общие места (очн.)  3 / Копия / 147 (41) из 1838.03.05 Бизнес-информатика/Бюджетная основа/Общие места (очн.)  4 / Копия / 112 (25) из 1609.03.01 Информатика и вычислительная техника/Бюджетная основа/Общие места (очн.)  5 / Копия / 168 (40) из 22
34,159-507-923 02,231,70,78,83,---,Копия,5,02.03.02 Фундаментальная информатика и информационные технологии/Бюджетная основа/Общие места (очн.)  1 / Копия / 176 (52) из 1409.03.04 Программная инженерия/Бюджетная основа/Общие места (очн.)  2 / Копия / 189 (46) из 1409.03.03 Прикладная информатика/Бюджетная основа/Общие места (очн.)  3 / Копия / 105 (20) из 2209.03.03 Прикладная информатика/Бюджетная основа/Общие места (очн.)  4 / Копия / 13 (3) из 709.03.01 Информатика и вычислительная техника/Бюджетная основа/Общие места (очн.)  5 / Копия / 187 (43) из 2202.03.03 Математическое обеспечение и администрирование информационных систем/Бюджетная основа/Общие места (очн.)  6 / Копия / 160 (46) из 18
35,162-556-834 83,231,70,67,89,5,Копия,3,09.03.04 Программная инженерия/Бюджетная основа/Общие места (очн.)  1 / Копия / 190 (46) из 1402.03.02 Фундаментальная информатика и информационные технологии/Бюджетная основа/Общие места (очн.)  2 / Копия / 177 (52) из 1402.03.03 Математическое обеспечение и администрирование информационных систем/Бюджетная основа/Общие места (очн.)  3 / Копия / 161 (46) из 1810.05.01 Компьютерная безопасность/Бюджетная основа/Общие места (очн.)  4 / Копия / 146 (41) из 2038.03.05 Бизнес-информатика/Бюджетная основа/Общие места (очн.)  5 / Копия / 121 (27) из 16
36,171-094-152 47,230,80,62,83,5,Копия,2,09.03.01 Информатика и вычислительная техника/Бюджетная основа/Общие места (очн.)  1 / Копия / 191 (43) из 2202.03.03 Математическое обеспечение и администрирование информационных систем/Бюджетная основа/Общие места (очн.)  2 / Копия / 162 (46) из 1810.05.01 Компьютерная безопасность/Бюджетная основа/Общие места (очн.)  3 / Копия / 148 (41) из 2002.03.02 Фундаментальная информатика и информационные технологии/Бюджетная основа/Общие места (очн.)  4 / Копия / 179 (52) из 1409.03.04 Программная инженерия/Бюджетная основа/Общие места (очн.)  5 / Копия / 192 (46) из 14
37,191-673-349 96,230,78,80,72,---,Копия,1,02.03.03 Математическое обеспечение и администрирование информационных систем/Бюджетная основа/Общие места (очн.)  1 / Копия / 163 (46) из 1810.05.01 Компьютерная безопасность/Бюджетная основа/Общие места (очн.)  2 / Копия / 149 (41) из 2002.03.02 Фундаментальная информатика и информационные технологии/Бюджетная основа/Общие места (очн.)  3 / Копия / 180 (52) из 14
38,160-134-958 38,229,74,83,72,---,Копия,5,05.03.01 Геология/Бюджетная основа/Общие места (очн.)  1 / Копия / 6 (2) из 2821.05.02 Прикладная геология/Бюджетная основа/Общие места (очн.)  2 / Копия / 3 (1) из 2109.03.02 Информационные системы и технологии/Бюджетная основа/Общие места (очн.)  3 / Копия / 62 (9) из 602.03.03 Математическое обеспечение и администрирование информационных систем/Бюджетная основа/Общие места (очн.)  4 / Копия / 167 (47) из 18
39,159-527-586 15,228,66,62,100,---,Копия,3,09.03.04 Программная инженерия/Бюджетная основа/Общие места (очн.)  1 / Копия / 205 (48) из 1410.05.01 Компьютерная безопасность/Бюджетная основа/Общие места (очн.)  2 / Копия / 160 (42) из 2002.03.03 Математическое обеспечение и администрирование информационных систем/Бюджетная основа/Общие места (очн.)  3 / Копия / 172 (47) из 1802.03.02 Фундаментальная информатика и информационные технологии/Бюджетная основа/Общие места (очн.)  4 / Копия / 188 (54) из 1409.03.03 Прикладная информатика/Бюджетная основа/Общие места (очн.)  5 / Копия / 17 (4) из 7
40 (13),194-030-671 56,226,70,67,89,---,Ориг.,2,09.03.04 Программная инженерия/Бюджетная основа/Общие места (очн.)  1 / Ориг. / 211 (49) из 1402.03.03 Математическое обеспечение и администрирование информационных систем/Бюджетная основа/Общие места (очн.)  2 / Ориг. / 175 (47) из 1802.03.02 Фундаментальная информатика и информационные технологии/Бюджетная основа/Общие места (очн.)  3 / Ориг. / 192 (55) из 1410.05.01 Компьютерная безопасность/Бюджетная основа/Общие места (очн.)  4 / Ориг. / 164 (43) из 2009.03.01 Информатика и вычислительная техника/Бюджетная основа/Общие места (очн.)  5 / Ориг. / 209 (46) из 22
41,162-240-567 36,225,70,78,77,---,Копия,1,02.03.03 Математическое обеспечение и администрирование информационных систем/Бюджетная основа/Общие места (очн.)  1 / Копия / 177 (48) из 1802.03.02 Фундаментальная информатика и информационные технологии/Бюджетная основа/Общие места (очн.)  2 / Копия / 195 (58) из 1410.05.01 Компьютерная безопасность/Бюджетная основа/Общие места (очн.)  3 / Копия / 172 (46) из 2009.03.01 Информатика и вычислительная техника/Бюджетная основа/Общие места (очн.)  4 / Копия / 218 (51) из 2201.03.02 Прикладная математика и информатика/Бюджетная основа/Общие места (очн.)  5 / Копия / 111 (24) из 35
42 (14),191-707-564 88,225,66,80,79,---,Ориг.,1,02.03.03 Математическое обеспечение и администрирование информационных систем/Бюджетная основа/Общие места (очн.)  1 / Ориг. / 180 (49) из 1809.03.04 Программная инженерия/Бюджетная основа/Общие места (очн.)  2 / Ориг. / 214 (51) из 1402.03.02 Фундаментальная информатика и информационные технологии/Бюджетная основа/Общие места (очн.)  3 / Ориг. / 196 (58) из 14
43 (15),168-697-694 60,225,66,72,87,---,Ориг.,5,10.05.01 Компьютерная безопасность/Бюджетная основа/Общие места (очн.)  1 / Ориг. / 175 (47) из 2009.03.04 Программная инженерия/Бюджетная основа/Общие места (очн.)  2 / Ориг. / 215 (52) из 1402.03.02 Фундаментальная информатика и информационные технологии/Бюджетная основа/Общие места (очн.)  3 / Ориг. / 197 (59) из 1409.03.01 Информатика и вычислительная техника/Бюджетная основа/Общие места (очн.)  4 / Ориг. / 221 (52) из 2202.03.03 Математическое обеспечение и администрирование информационных систем/Бюджетная основа/Общие места (очн.)  5 / Ориг. / 181 (50) из 18
44,163-316-465 53,223,70,78,75,---,Копия,5,38.03.05 Бизнес-информатика/Бюджетная основа/Общие места (очн.)  1 / Копия / 157 (31) из 1609.03.03 Прикладная информатика/Бюджетная основа/Общие места (очн.)  2 / Копия / 146 (25) из 2202.03.02 Фундаментальная информатика и информационные технологии/Бюджетная основа/Общие места (очн.)  3 / Копия / 199 (60) из 1409.03.04 Программная инженерия/Бюджетная основа/Общие места (очн.)  4 / Копия / 223 (54) из 1402.03.03 Математическое обеспечение и администрирование информационных систем/Бюджетная основа/Общие места (очн.)  5 / Копия / 186 (51) из 18
45,162-034-317 19,223,68,80,75,---,Копия,5,38.03.05 Бизнес-информатика/Бюджетная основа/Общие места (очн.)  1 / Копия / 159 (31) из 1609.03.01 Информатика и вычислительная техника/Бюджетная основа/Общие места (очн.)  2 / Копия / 231 (53) из 2210.05.01 Компьютерная безопасность/Бюджетная основа/Общие места (очн.)  3 / Копия / 181 (49) из 2009.03.03 Прикладная информатика/Бюджетная основа/Общие места (очн.)  4 / Копия / 148 (25) из 2202.03.03 Математическое обеспечение и администрирование информационных систем/Бюджетная основа/Общие места (очн.)  5 / Копия / 187 (51) из 18
46,163-910-127 50,221,70,72,79,---,Копия,5,02.03.02 Фундаментальная информатика и информационные технологии/Бюджетная основа/Общие места (очн.)  1 / Копия / 201 (60) из 1409.03.04 Программная инженерия/Бюджетная основа/Общие места (очн.)  2 / Копия / 227 (54) из 1409.03.01 Информатика и вычислительная техника/Бюджетная основа/Общие места (очн.)  3 / Копия / 239 (55) из 2210.05.01 Компьютерная безопасность/Бюджетная основа/Общие места (очн.)  4 / Копия / 190 (51) из 2002.03.03 Математическое обеспечение и администрирование информационных систем/Бюджетная основа/Общие места (очн.)  5 / Копия / 189 (51) из 18
47,169-532-143 86,220,78,67,75,---,Копия,5,10.05.01 Компьютерная безопасность/Бюджетная основа/Общие места (очн.)  1 / Копия / 194 (52) из 2009.03.01 Информатика и вычислительная техника/Бюджетная основа/Общие места (очн.)  2 / Копия / 246 (56) из 2209.03.04 Программная инженерия/Бюджетная основа/Общие места (очн.)  3 / Копия / 230 (54) из 1402.03.02 Фундаментальная информатика и информационные технологии/Бюджетная основа/Общие места (очн.)  4 / Копия / 204 (61) из 1402.03.03 Математическое обеспечение и администрирование информационных систем/Бюджетная основа/Общие места (очн.)  5 / Копия / 191 (51) из 18
48,162-490-399 75,220,70,83,67,---,Копия,3,10.05.01 Компьютерная безопасность/Бюджетная основа/Общие места (очн.)  1 / Копия / 197 (52) из 2002.03.02 Фундаментальная информатика и информационные технологии/Бюджетная основа/Общие места (очн.)  2 / Копия / 206 (61) из 1402.03.03 Математическое обеспечение и администрирование информационных систем/Бюджетная основа/Общие места (очн.)  3 / Копия / 193 (51) из 1809.03.04 Программная инженерия/Бюджетная основа/Общие места (очн.)  4 / Копия / 232 (54) из 1409.03.01 Информатика и вычислительная техника/Бюджетная основа/Общие места (очн.)  5 / Копия / 248 (56) из 22
49,160-360-187 30,218,70,75,73,---,Копия,3,09.03.01 Информатика и вычислительная техника/Бюджетная основа/Общие места (очн.)  1 / Копия / 262 (57) из 2210.05.01 Компьютерная безопасность/Бюджетная основа/Общие места (очн.)  2 / Копия / 208 (53) из 2002.03.03 Математическое обеспечение и администрирование информационных систем/Бюджетная основа/Общие места (очн.)  3 / Копия / 201 (52) из 1809.03.03 Прикладная информатика/Бюджетная основа/Общие места (очн.)  4 / Копия / 175 (27) из 2212.03.04 Биотехнические системы и технологии/Бюджетная основа/Общие места (очн.)  5 / Копия / 27 (7) из 15
50,159-567-944 37,218,68,75,75,---,Копия,1,02.03.03 Математическое обеспечение и администрирование информационных систем/Бюджетная основа/Общие места (очн.)  1 / Копия / 203 (52) из 1809.03.04 Программная инженерия/Бюджетная основа/Общие места (очн.)  2 / Копия / 243 (54) из 1409.03.01 Информатика и вычислительная техника/Бюджетная основа/Общие места (очн.)  3 / Копия / 265 (57) из 2209.03.03 Прикладная информатика/Бюджетная основа/Общие места (очн.)  4 / Копия / 177 (27) из 2202.03.02 Фундаментальная информатика и информационные технологии/Бюджетная основа/Общие места (очн.)  5 / Копия / 213 (61) из 14
51 (16),160-402-183 10,217,70,72,72,3,Ориг.,3,09.03.04 Программная инженерия/Бюджетная основа/Общие места (очн.)  1 / Ориг. / 244 (54) из 1402.03.02 Фундаментальная информатика и информационные технологии/Бюджетная основа/Общие места (очн.)  2 / Ориг. / 214 (61) из 1402.03.03 Математическое обеспечение и администрирование информационных систем/Бюджетная основа/Общие места (очн.)  3 / Ориг. / 206 (52) из 18
52,160-945-249 73,217,66,64,87,---,Копия,6,09.03.01 Информатика и вычислительная техника/Бюджетная основа/Общие места (очн.)  1 / Копия / 277 (59) из 2209.03.03 Прикладная информатика/Бюджетная основа/Общие места (очн.)  2 / Копия / 187 (28) из 2209.03.03 Прикладная информатика/Бюджетная основа/Общие места (очн.)  3 / Копия / 32 (7) из 738.03.05 Бизнес-информатика/Бюджетная основа/Общие места (очн.)  4 / Копия / 197 (35) из 1602.03.02 Фундаментальная информатика и информационные технологии/Бюджетная основа/Общие места (очн.)  5 / Копия / 217 (62) из 1402.03.03 Математическое обеспечение и администрирование информационных систем/Бюджетная основа/Общие места (очн.)  6 / Копия / 209 (53) из 18
53,192-733-011 66,214,66,67,81,---,Копия,4,10.05.01 Компьютерная безопасность/Бюджетная основа/Общие места (очн.)  1 / Копия / 231 (57) из 2009.03.01 Информатика и вычислительная техника/Бюджетная основа/Общие места (очн.)  2 / Копия / 291 (62) из 2202.03.03 Математическое обеспечение и администрирование информационных систем/Бюджетная основа/Общие места (очн.)  3 / Копия / 215 (55) из 1802.03.02 Фундаментальная информатика и информационные технологии/Бюджетная основа/Общие места (очн.)  4 / Копия / 223 (65) из 14
54 (17),162-098-739 83,211,68,70,73,---,Ориг.,1,02.03.03 Математическое обеспечение и администрирование информационных систем/Бюджетная основа/Общие места (очн.)  1 / Ориг. / 223 (57) из 1810.05.01 Компьютерная безопасность/Бюджетная основа/Общие места (очн.)  2 / Ориг. / 246 (58) из 2002.03.02 Фундаментальная информатика и информационные технологии/Бюджетная основа/Общие места (очн.)  3 / Ориг. / 233 (65) из 1409.03.03 Прикладная информатика/Бюджетная основа/Общие места (очн.)  4 / Ориг. / 222 (33) из 2201.03.02 Прикладная математика и информатика/Бюджетная основа/Общие места (очн.)  5 / Ориг. / 177 (35) из 35
55,160-104-207 92,210,72,72,66,---,Копия,3,02.03.02 Фундаментальная информатика и информационные технологии/Бюджетная основа/Общие места (очн.)  1 / Копия / 236 (66) из 1409.03.04 Программная инженерия/Бюджетная основа/Общие места (очн.)  2 / Копия / 278 (56) из 1402.03.03 Математическое обеспечение и администрирование информационных систем/Бюджетная основа/Общие места (очн.)  3 / Копия / 225 (58) из 1809.03.01 Информатика и вычислительная техника/Бюджетная основа/Общие места (очн.)  4 / Копия / 315 (65) из 2210.05.01 Компьютерная безопасность/Бюджетная основа/Общие места (очн.)  5 / Копия / 251 (59) из 20
56 (18),163-293-574 79,209,58,70,81,---,Ориг.,1,02.03.03 Математическое обеспечение и администрирование информационных систем/Бюджетная основа/Общие места (очн.)  1 / Ориг. / 228 (58) из 1802.03.02 Фундаментальная информатика и информационные технологии/Бюджетная основа/Общие места (очн.)  2 / Ориг. / 240 (66) из 1409.03.01 Информатика и вычислительная техника/Бюджетная основа/Общие места (очн.)  3 / Ориг. / 325 (65) из 2201.03.02 Прикладная математика и информатика/Бюджетная основа/Общие места (очн.)  4 / Ориг. / 193 (39) из 3538.03.05 Бизнес-информатика/Бюджетная основа/Общие места (очн.)  5 / Ориг. / 233 (42) из 16
57,163-030-879 39,208,68,67,73,---,Копия,4,09.03.01 Информатика и вычислительная техника/Бюджетная основа/Общие места (очн.)  1 / Копия / 328 (66) из 2209.03.04 Программная инженерия/Бюджетная основа/Общие места (очн.)  2 / Копия / 283 (56) из 1402.03.02 Фундаментальная информатика и информационные технологии/Бюджетная основа/Общие места (очн.)  3 / Копия / 241 (67) из 1402.03.03 Математическое обеспечение и администрирование информационных систем/Бюджетная основа/Общие места (очн.)  4 / Копия / 229 (59) из 18
58,175-071-079 61,208,66,75,67,---,Копия,1,01.03.02 Прикладная математика и информатика/Бюджетная основа/Общие места (очн.)  1 / Копия / 196 (40) из 3502.03.01 Математика и компьютерные науки/Бюджетная основа/Общие места (очн.)  2 / Копия / 128 (24) из 1902.03.03 Математическое обеспечение и администрирование информационных систем/Бюджетная основа/Общие места (очн.)  3 / Копия / 230 (59) из 1809.03.03 Прикладная информатика/Бюджетная основа/Общие места (очн.)  4 / Копия / 242 (36) из 2212.03.04 Биотехнические системы и технологии/Бюджетная основа/Общие места (очн.)  5 / Копия / 44 (10) из 15
59,139-131-946 61,206,70,59,77,---,Копия,4,09.03.04 Программная инженерия/Бюджетная основа/Общие места (очн.)  1 / Копия / 291 (56) из 1409.03.04 Программная инженерия/Бюджетная основа/Общие места (заоч.)  2 / Копия / 12 (6) из 709.03.01 Информатика и вычислительная техника/Бюджетная основа/Общие места (очн.)  3 / Копия / 342 (67) из 2202.03.02 Фундаментальная информатика и информационные технологии/Бюджетная основа/Общие места (очн.)  4 / Копия / 246 (67) из 1402.03.03 Математическое обеспечение и администрирование информационных систем/Бюджетная основа/Общие места (очн.)  5 / Копия / 236 (60) из 1802.03.01 Математика и компьютерные науки/Бюджетная основа/Общие места (очн.)  6 / Копия / 136 (27) из 19
60 (19),159-708-989 36,206,68,59,79,---,Ориг.,2,10.05.01 Компьютерная безопасность/Бюджетная основа/Общие места (очн.)  1 / Ориг. / 267 (60) из 2002.03.03 Математическое обеспечение и администрирование информационных систем/Бюджетная основа/Общие места (очн.)  2 / Ориг. / 237 (60) из 1809.03.01 Информатика и вычислительная техника/Бюджетная основа/Общие места (очн.)  3 / Ориг. / 343 (67) из 2201.03.02 Прикладная математика и информатика/Бюджетная основа/Общие места (очн.)  4 / Ориг. / 208 (42) из 3502.03.01 Математика и компьютерные науки/Бюджетная основа/Общие места (очн.)  5 / Ориг. / 138 (27) из 19
61,162-035-890 47,206,64,67,75,---,Копия,3,09.03.01 Информатика и вычислительная техника/Бюджетная основа/Общие места (очн.)  1 / Копия / 344 (68) из 2202.03.02 Фундаментальная информатика и информационные технологии/Бюджетная основа/Общие места (очн.)  2 / Копия / 247 (67) из 1402.03.03 Математическое обеспечение и администрирование информационных систем/Бюджетная основа/Общие места (очн.)  3 / Копия / 238 (61) из 1810.05.01 Компьютерная безопасность/Бюджетная основа/Общие места (очн.)  4 / Копия / 268 (61) из 2001.03.02 Прикладная математика и информатика/Бюджетная основа/Общие места (очн.)  5 / Копия / 209 (43) из 35
62,159-037-677 93,203,64,64,75,---,Копия,1,10.05.01 Компьютерная безопасность/Бюджетная основа/Общие места (очн.)  1 / Копия / 281 (64) из 2009.03.01 Информатика и вычислительная техника/Бюджетная основа/Общие места (очн.)  2 / Копия / 363 (71) из 2202.03.03 Математическое обеспечение и администрирование информационных систем/Бюджетная основа/Общие места (очн.)  3 / Копия / 244 (62) из 18
63,158-587-228 19,202,66,59,77,---,Копия,2,01.03.02 Прикладная математика и информатика/Бюджетная основа/Общие места (очн.)  1 / Копия / 231 (45) из 3502.03.03 Математическое обеспечение и администрирование информационных систем/Бюджетная основа/Общие места (очн.)  2 / Копия / 248 (62) из 1809.03.04 Программная инженерия/Бюджетная основа/Общие места (очн.)  3 / Копия / 313 (57) из 1402.03.01 Математика и компьютерные науки/Бюджетная основа/Общие места (очн.)  4 / Копия / 152 (29) из 1909.03.03 Прикладная информатика/Бюджетная основа/Общие места (очн.)  5 / Копия / 291 (43) из 22
64,191-302-824 45,201,58,62,81,---,Копия,4,02.03.02 Фундаментальная информатика и информационные технологии/Бюджетная основа/Общие места (очн.)  1 / Копия / 256 (68) из 1409.03.01 Информатика и вычислительная техника/Бюджетная основа/Общие места (очн.)  2 / Копия / 378 (73) из 2210.05.01 Компьютерная безопасность/Бюджетная основа/Общие места (очн.)  3 / Копия / 292 (67) из 2002.03.03 Математическое обеспечение и администрирование информационных систем/Бюджетная основа/Общие места (очн.)  4 / Копия / 251 (62) из 1801.03.02 Прикладная математика и информатика/Бюджетная основа/Общие места (очн.)  5 / Копия / 239 (46) из 35
65,157-162-194 66,199,66,67,66,---,Копия,3,02.03.02 Фундаментальная информатика и информационные технологии/Бюджетная основа/Общие места (очн.)  1 / Копия / 258 (68) из 1409.03.04 Программная инженерия/Бюджетная основа/Общие места (очн.)  2 / Копия / 321 (58) из 1402.03.03 Математическое обеспечение и администрирование информационных систем/Бюджетная основа/Общие места (очн.)  3 / Копия / 253 (62) из 1809.03.01 Информатика и вычислительная техника/Бюджетная основа/Общие места (очн.)  4 / Копия / 383 (73) из 2210.05.01 Компьютерная безопасность/Бюджетная основа/Общие места (очн.)  5 / Копия / 296 (67) из 20
66 (20),162-055-485 48,197,66,59,72,---,Ориг.,4,10.05.01 Компьютерная безопасность/Бюджетная основа/Общие места (очн.)  1 / Ориг. / 302 (67) из 2038.03.05 Бизнес-информатика/Бюджетная основа/Общие места (очн.)  2 / Ориг. / 273 (46) из 1602.03.01 Математика и компьютерные науки/Бюджетная основа/Общие места (очн.)  3 / Ориг. / 174 (33) из 1902.03.03 Математическое обеспечение и администрирование информационных систем/Бюджетная основа/Общие места (очн.)  4 / Ориг. / 255 (62) из 1827.03.05 Инноватика/Бюджетная основа/Общие места (очн.)  5 / Ориг. / 14 (2) из 1
67,160-998-125 99,195,66,56,73,---,Копия,3,10.05.01 Компьютерная безопасность/Бюджетная основа/Общие места (очн.)  1 / Копия / 308 (70) из 2009.03.01 Информатика и вычислительная техника/Бюджетная основа/Общие места (очн.)  2 / Копия / 396 (75) из 2202.03.03 Математическое обеспечение и администрирование информационных систем/Бюджетная основа/Общие места (очн.)  3 / Копия / 258 (64) из 1838.03.05 Бизнес-информатика/Бюджетная основа/Общие места (очн.)  4 / Копия / 278 (48) из 1602.03.01 Математика и компьютерные науки/Бюджетная основа/Общие места (очн.)  5 / Копия / 182 (38) из 19
68,200-310-030 47,195,64,56,75,---,Копия,4,09.03.01 Информатика и вычислительная техника/Бюджетная основа/Общие места (очн.)  1 / Копия / 398 (75) из 2202.03.02 Фундаментальная информатика и информационные технологии/Бюджетная основа/Общие места (очн.)  2 / Копия / 261 (68) из 1409.03.04 Программная инженерия/Бюджетная основа/Общие места (очн.)  3 / Копия / 333 (60) из 1402.03.03 Математическое обеспечение и администрирование информационных систем/Бюджетная основа/Общие места (очн.)  4 / Копия / 259 (64) из 18
69,160-899-677 23,194,52,72,70,---,Копия,4,09.03.04 Программная инженерия/Бюджетная основа/Общие места (очн.)  1 / Копия / 336 (61) из 1402.03.02 Фундаментальная информатика и информационные технологии/Бюджетная основа/Общие места (очн.)  2 / Копия / 263 (68) из 1409.03.01 Информатика и вычислительная техника/Бюджетная основа/Общие места (очн.)  3 / Копия / 402 (76) из 2202.03.03 Математическое обеспечение и администрирование информационных систем/Бюджетная основа/Общие места (очн.)  4 / Копия / 262 (64) из 1810.05.01 Компьютерная безопасность/Бюджетная основа/Общие места (очн.)  5 / Копия / 315 (71) из 20
70,192-709-309 90,192,64,62,66,---,Копия,3,09.03.04 Программная инженерия/Бюджетная основа/Общие места (очн.)  1 / Копия / 345 (63) из 1409.03.01 Информатика и вычислительная техника/Бюджетная основа/Общие места (очн.)  2 / Копия / 416 (79) из 2202.03.03 Математическое обеспечение и администрирование информационных систем/Бюджетная основа/Общие места (очн.)  3 / Копия / 264 (64) из 1802.03.02 Фундаментальная информатика и информационные технологии/Бюджетная основа/Общие места (очн.)  4 / Копия / 272 (68) из 1410.05.01 Компьютерная безопасность/Бюджетная основа/Общие места (очн.)  5 / Копия / 321 (72) из 20
71,146-783-867 18,192,58,64,70,---,Копия,4,02.03.02 Фундаментальная информатика и информационные технологии/Бюджетная основа/Общие места (очн.)  1 / Копия / 275 (68) из 1409.03.01 Информатика и вычислительная техника/Бюджетная основа/Общие места (очн.)  2 / Копия / 419 (79) из 2209.03.04 Программная инженерия/Бюджетная основа/Общие места (очн.)  3 / Копия / 350 (63) из 1402.03.03 Математическое обеспечение и администрирование информационных систем/Бюджетная основа/Общие места (очн.)  4 / Копия / 266 (64) из 1801.03.02 Прикладная математика и информатика/Бюджетная основа/Общие места (очн.)  5 / Копия / 292 (58) из 35
72,185-767-734 37,192,58,64,70,---,Копия,5,09.03.04 Программная инженерия/Бюджетная основа/Общие места (очн.)  1 / Копия / 349 (63) из 1409.03.02 Информационные системы и технологии/Бюджетная основа/Общие места (очн.)  2 / Копия / 235 (34) из 609.03.01 Информатика и вычислительная техника/Бюджетная основа/Общие места (очн.)  3 / Копия / 420 (79) из 2202.03.01 Математика и компьютерные науки/Бюджетная основа/Общие места (очн.)  4 / Копия / 201 (40) из 1902.03.03 Математическое обеспечение и администрирование информационных систем/Бюджетная основа/Общие места (очн.)  5 / Копия / 267 (64) из 18
73,159-958-215 34,191,58,67,66,---,Копия,3,09.03.03 Прикладная информатика/Бюджетная основа/Общие места (очн.)  1 / Копия / 344 (54) из 2209.03.04 Программная инженерия/Бюджетная основа/Общие места (очн.)  2 / Копия / 354 (63) из 1402.03.03 Математическое обеспечение и администрирование информационных систем/Бюджетная основа/Общие места (очн.)  3 / Копия / 268 (64) из 1801.03.03 Механика и математическое моделирование/Бюджетная основа/Общие места (очн.)  4 / Копия / 70 (16) из 7
74,159-527-545 06,189,64,64,61,---,Копия,3,09.03.01 Информатика и вычислительная техника/Бюджетная основа/Общие места (очн.)  1 / Копия / 434 (81) из 2210.05.01 Компьютерная безопасность/Бюджетная основа/Общие места (очн.)  2 / Копия / 332 (73) из 2002.03.03 Математическое обеспечение и администрирование информационных систем/Бюджетная основа/Общие места (очн.)  3 / Копия / 269 (64) из 1838.03.05 Бизнес-информатика/Бюджетная основа/Общие места (очн.)  4 / Копия / 293 (50) из 1601.03.02 Прикладная математика и информатика/Бюджетная основа/Общие места (очн.)  5 / Копия / 306 (60) из 35
75 (21),000094061,189,64,62,63,---,Ориг.,4,09.03.04 Программная инженерия/Бюджетная основа/Общие места (очн.)  1 / Ориг. / 360 (63) из 1409.03.04 Программная инженерия/Бюджетная основа/ОП/Отдельная квота (очн.)  ОП 1 / Ориг. / 3 (2) из 209.03.01 Информатика и вычислительная техника/Бюджетная основа/Общие места (очн.)  2 / Ориг. / 435 (81) из 2209.03.01 Информатика и вычислительная техника/Бюджетная основа/ОП/Отдельная квота (очн.)  ОП 2 / Ориг. / 2 (1) из 410.05.01 Компьютерная безопасность/Бюджетная основа/Общие места (очн.)  3 / Ориг. / 333 (73) из 2010.05.01 Компьютерная безопасность/Бюджетная основа/ОП/Отдельная квота (очн.)  ОП 3 / Ориг. / 2 (1) из 402.03.03 Математическое обеспечение и администрирование информационных систем/Бюджетная основа/Общие места (очн.)  4 / Ориг. / 270 (64) из 1802.03.03 Математическое обеспечение и администрирование информационных систем/Бюджетная основа/ОП/Отдельная квота (очн.)  ОП 4 / Ориг. / 1 (1) из 302.03.02 Фундаментальная информатика и информационные технологии/Бюджетная основа/Общие места (очн.)  5 / Ориг. / 279 (68) из 1402.03.02 Фундаментальная информатика и информационные технологии/Бюджетная основа/ОП/Отдельная квота (очн.)  ОП 5 / Ориг. / 3 (2) из 2
76 (22),161-316-136 25,187,70,75,42,---,Ориг.,5,09.03.01 Информатика и вычислительная техника/Бюджетная основа/Общие места (очн.)  1 / Ориг. / 443 (83) из 2209.03.02 Информационные системы и технологии/Бюджетная основа/Общие места (очн.)  2 / Ориг. / 265 (38) из 601.03.02 Прикладная математика и информатика/Бюджетная основа/Общие места (очн.)  3 / Ориг. / 315 (60) из 3502.03.01 Математика и компьютерные науки/Бюджетная основа/Общие места (очн.)  4 / Ориг. / 226 (45) из 1902.03.03 Математическое обеспечение и администрирование информационных систем/Бюджетная основа/Общие места (очн.)  5 / Ориг. / 273 (66) из 18
77 (23),160-719-569 75,183,52,70,61,---,Ориг.,1,02.03.03 Математическое обеспечение и администрирование информационных систем/Бюджетная основа/Общие места (очн.)  1 / Ориг. / 279 (68) из 1802.03.02 Фундаментальная информатика и информационные технологии/Бюджетная основа/Общие места (очн.)  2 / Ориг. / 292 (71) из 1410.05.01 Компьютерная безопасность/Бюджетная основа/Общие места (очн.)  3 / Ориг. / 351 (75) из 2009.03.01 Информатика и вычислительная техника/Бюджетная основа/Общие места (очн.)  4 / Ориг. / 462 (87) из 22
78,162-739-627 92,181,47,65,69,---,Копия,2,02.03.02 Фундаментальная информатика и информационные технологии/Бюджетная основа/Общие места (очн.)  1 / Копия / 295 (73) из 1402.03.03 Математическое обеспечение и администрирование информационных систем/Бюджетная основа/Общие места (очн.)  2 / Копия / 284 (70) из 1809.03.01 Информатика и вычислительная техника/Бюджетная основа/Общие места (очн.)  3 / Копия / 472 (89) из 2209.03.04 Программная инженерия/Бюджетная основа/Общие места (очн.)  4 / Копия / 381 (66) из 14
79,186-338-248 00,180,52,51,77,---,Копия,1,02.03.03 Математическое обеспечение и администрирование информационных систем/Бюджетная основа/Общие места (очн.)  1 / Копия / 286 (70) из 1809.03.04 Программная инженерия/Бюджетная основа/Общие места (очн.)  2 / Копия / 385 (67) из 1409.03.03 Прикладная информатика/Бюджетная основа/Общие места (очн.)  3 / Копия / 400 (61) из 2209.03.01 Информатика и вычислительная техника/Бюджетная основа/Общие места (очн.)  4 / Копия / 477 (89) из 2209.03.02 Информационные системы и технологии/Бюджетная основа/Общие места (очн.)  5 / Копия / 310 (47) из 6
80,191-139-276 70,177,58,56,63,---,Копия,3,10.05.01 Компьютерная безопасность/Бюджетная основа/Общие места (очн.)  1 / Копия / 361 (76) из 2009.03.04 Программная инженерия/Бюджетная основа/Общие места (очн.)  2 / Копия / 390 (67) из 1402.03.03 Математическое обеспечение и администрирование информационных систем/Бюджетная основа/Общие места (очн.)  3 / Копия / 290 (70) из 1802.03.02 Фундаментальная информатика и информационные технологии/Бюджетная основа/Общие места (очн.)  4 / Копия / 299 (74) из 1409.03.01 Информатика и вычислительная техника/Бюджетная основа/Общие места (очн.)  5 / Копия / 489 (89) из 22
81,163-042-176 28,175,52,48,75,---,Копия,3,09.03.04 Программная инженерия/Бюджетная основа/Общие места (очн.)  1 / Копия / 397 (67) из 1409.03.04 Программная инженерия/Бюджетная основа/ОП/Общие места (очн.)  ОП 1 / Копия / 4 (1) из 202.03.02 Фундаментальная информатика и информационные технологии/Бюджетная основа/Общие места (очн.)  2 / Копия / 302 (74) из 1402.03.02 Фундаментальная информатика и информационные технологии/Бюджетная основа/ОП/Общие места (очн.)  ОП 2 / Копия / 4 (2) из 202.03.03 Математическое обеспечение и администрирование информационных систем/Бюджетная основа/Общие места (очн.)  3 / Копия / 291 (70) из 1802.03.03 Математическое обеспечение и администрирование информационных систем/Бюджетная основа/ОП/Общие места (очн.)  ОП 3 / Копия / 5 (2) из 309.03.01 Информатика и вычислительная техника/Бюджетная основа/Общие места (очн.)  4 / Копия / 499 (90) из 2209.03.01 Информатика и вычислительная техника/Бюджетная основа/ОП/Общие места (очн.)  ОП 4 / Копия / 6 (3) из 410.05.01 Компьютерная безопасность/Бюджетная основа/Общие места (очн.)  5 / Копия / 366 (77) из 2010.05.01 Компьютерная безопасность/Бюджетная основа/ОП/Общие места (очн.)  ОП 5 / Копия / 2 (1) из 4
82,000088124,172,58,56,58,---,Копия,3,09.03.02 Информационные системы и технологии/Бюджетная основа/Общие места (очн.)  1 / Копия / 343 (47) из 609.03.02 Информационные системы и технологии/Бюджетная основа/ОП/Отдельная квота (очн.)  ОП 1 / Копия / 3 (2) из 109.03.01 Информатика и вычислительная техника/Бюджетная основа/Общие места (очн.)  2 / Копия / 505 (91) из 2209.03.01 Информатика и вычислительная техника/Бюджетная основа/ОП/Отдельная квота (очн.)  ОП 2 / Копия / 3 (2) из 402.03.03 Математическое обеспечение и администрирование информационных систем/Бюджетная основа/Общие места (очн.)  3 / Копия / 293 (70) из 1802.03.03 Математическое обеспечение и администрирование информационных систем/Бюджетная основа/ОП/Отдельная квота (очн.)  ОП 3 / Копия / 2 (2) из 301.03.02 Прикладная математика и информатика/Бюджетная основа/Общие места (очн.)  4 / Копия / 362 (69) из 3501.03.02 Прикладная математика и информатика/Бюджетная основа/ОП/Отдельная квота (очн.)  ОП 4 / Копия / 2 (1) из 502.03.02 Фундаментальная информатика и информационные технологии/Бюджетная основа/Общие места (очн.)  5 / Копия / 303 (74) из 1402.03.02 Фундаментальная информатика и информационные технологии/Бюджетная основа/ОП/Отдельная квота (очн.)  ОП 5 / Копия / 5 (3) из 2
83,159-958-220 31,172,52,51,69,---,Копия,3,09.03.02 Информационные системы и технологии/Бюджетная основа/Общие места (очн.)  1 / Копия / 347 (50) из 610.05.01 Компьютерная безопасность/Бюджетная основа/Общие места (очн.)  2 / Копия / 369 (77) из 2002.03.03 Математическое обеспечение и администрирование информационных систем/Бюджетная основа/Общие места (очн.)  3 / Копия / 294 (70) из 1801.03.02 Прикладная математика и информатика/Бюджетная основа/Общие места (очн.)  4 / Копия / 363 (69) из 3509.03.03 Прикладная информатика/Бюджетная основа/Общие места (очн.)  5 / Копия / 423 (63) из 2209.03.03 Прикладная информатика/Бюджетная основа/Общие места (очн.)  6 / Копия / 86 (19) из 7
84,159-490-516 02,169,58,48,63,---,Копия,1,02.03.03 Математическое обеспечение и администрирование информационных систем/Бюджетная основа/Общие места (очн.)  1 / Копия / 298 (71) из 1802.03.02 Фундаментальная информатика и информационные технологии/Бюджетная основа/Общие места (очн.)  2 / Копия / 308 (75) из 1410.05.01 Компьютерная безопасность/Бюджетная основа/Общие места (очн.)  3 / Копия / 376 (77) из 2009.03.01 Информатика и вычислительная техника/Бюджетная основа/Общие места (очн.)  4 / Копия / 513 (93) из 2202.03.01 Математика и компьютерные науки/Бюджетная основа/Общие места (очн.)  5 / Копия / 279 (51) из 19
85 (24),160-495-332 62,167,39,69,54,5,Ориг.,1,02.03.03 Математическое обеспечение и администрирование информационных систем/Бюджетная основа/Общие места (очн.)  1 / Ориг. / 301 (71) из 1802.03.02 Фундаментальная информатика и информационные технологии/Бюджетная основа/Общие места (очн.)  2 / Ориг. / 311 (76) из 1409.03.04 Программная инженерия/Бюджетная основа/Общие места (очн.)  3 / Ориг. / 408 (70) из 1410.05.01 Компьютерная безопасность/Бюджетная основа/Общие места (очн.)  4 / Ориг. / 378 (77) из 2009.03.01 Информатика и вычислительная техника/Бюджетная основа/Общие места (очн.)  5 / Ориг. / 516 (93) из 2209.03.04 Программная инженерия/Бюджетная основа/Общие места (заоч.)  6 / Ориг. / 24 (9) из 7
86 (25),160-664-940 73,165,46,56,63,---,Ориг.,5,02.03.02 Фундаментальная информатика и информационные технологии/Бюджетная основа/Общие места (очн.)  1 / Ориг. / 313 (77) из 1409.03.04 Программная инженерия/Бюджетная основа/Общие места (очн.)  2 / Ориг. / 413 (71) из 1409.03.03 Прикладная информатика/Бюджетная основа/Общие места (очн.)  3 / Ориг. / 446 (65) из 2210.05.01 Компьютерная безопасность/Бюджетная основа/Общие места (очн.)  4 / Ориг. / 381 (78) из 2002.03.03 Математическое обеспечение и администрирование информационных систем/Бюджетная основа/Общие места (очн.)  5 / Ориг. / 302 (72) из 18
87,160-299-785 91,164,46,54,64,---,Копия,4,09.03.04 Программная инженерия/Бюджетная основа/Общие места (очн.)  1 / Копия / 414 (72) из 1402.03.02 Фундаментальная информатика и информационные технологии/Бюджетная основа/Общие места (очн.)  2 / Копия / 315 (79) из 1409.03.01 Информатика и вычислительная техника/Бюджетная основа/Общие места (очн.)  3 / Копия / 520 (94) из 2202.03.03 Математическое обеспечение и администрирование информационных систем/Бюджетная основа/Общие места (очн.)  4 / Копия / 303 (73) из 1810.05.01 Компьютерная безопасность/Бюджетная основа/Общие места (очн.)  5 / Копия / 382 (79) из 20
88,162-913-468 73,161,52,54,55,---,Копия,1,02.03.03 Математическое обеспечение и администрирование информационных систем/Бюджетная основа/Общие места (очн.)  1 / Копия / 306 (73) из 1809.03.04 Программная инженерия/Бюджетная основа/Общие места (очн.)  2 / Копия / 420 (73) из 1410.05.01 Компьютерная безопасность/Бюджетная основа/Общие места (очн.)  3 / Копия / 391 (81) из 2038.03.05 Бизнес-информатика/Бюджетная основа/Общие места (очн.)  4 / Копия / 353 (60) из 1601.03.02 Прикладная математика и информатика/Бюджетная основа/Общие места (очн.)  5 / Копия / 374 (70) из 35
89,179-926-881 55,161,52,51,58,---,Копия,1,02.03.03 Математическое обеспечение и администрирование информационных систем/Бюджетная основа/Общие места (очн.)  1 / Копия / 307 (73) из 1802.03.02 Фундаментальная информатика и информационные технологии/Бюджетная основа/Общие места (очн.)  2 / Копия / 317 (79) из 14
90 (26),191-735-800 88,156,39,71,46,---,Ориг.,2,02.03.02 Фундаментальная информатика и информационные технологии/Бюджетная основа/Общие места (очн.)  1 / Ориг. / 319 (79) из 1402.03.03 Математическое обеспечение и администрирование информационных систем/Бюджетная основа/Общие места (очн.)  2 / Ориг. / 310 (74) из 1809.03.04 Программная инженерия/Бюджетная основа/Общие места (очн.)  3 / Ориг. / 424 (74) из 1409.03.02 Информационные системы и технологии/Бюджетная основа/Общие места (очн.)  4 / Ориг. / 384 (56) из 6
91,188-734-234 16,155,46,54,55,---,Копия,2,10.05.01 Компьютерная безопасность/Бюджетная основа/Общие места (очн.)  1 / Копия / 395 (82) из 2002.03.03 Математическое обеспечение и администрирование информационных систем/Бюджетная основа/Общие места (очн.)  2 / Копия / 311 (75) из 1809.03.04 Программная инженерия/Бюджетная основа/Общие места (очн.)  3 / Копия / 425 (75) из 14
92,162-013-799 35,153,58,46,49,---,Копия,5,09.03.04 Программная инженерия/Бюджетная основа/Общие места (очн.)  1 / Копия / 427 (75) из 1410.05.01 Компьютерная безопасность/Бюджетная основа/Общие места (очн.)  2 / Копия / 397 (82) из 2009.03.01 Информатика и вычислительная техника/Бюджетная основа/Общие места (очн.)  3 / Копия / 538 (97) из 2202.03.02 Фундаментальная информатика и информационные технологии/Бюджетная основа/Общие места (очн.)  4 / Копия / 321 (81) из 1402.03.03 Математическое обеспечение и администрирование информационных систем/Бюджетная основа/Общие места (очн.)  5 / Копия / 312 (75) из 18
93,159-955-607 34,153,52,46,55,---,Копия,2,02.03.02 Фундаментальная информатика и информационные технологии/Бюджетная основа/Общие места (очн.)  1 / Копия / 322 (81) из 1402.03.03 Математическое обеспечение и администрирование информационных систем/Бюджетная основа/Общие места (очн.)  2 / Копия / 313 (75) из 1809.03.04 Программная инженерия/Бюджетная основа/Общие места (очн.)  3 / Копия / 428 (75) из 1409.03.01 Информатика и вычислительная техника/Бюджетная основа/Общие места (очн.)  4 / Копия / 539 (97) из 2209.03.03 Прикладная информатика/Бюджетная основа/Общие места (очн.)  5 / Копия / 466 (70) из 22
94,159-434-142 79,150,46,46,58,---,Копия,4,09.03.01 Информатика и вычислительная техника/Бюджетная основа/Общие места (очн.)  1 / Копия / 541 (97) из 2209.03.04 Программная инженерия/Бюджетная основа/Общие места (очн.)  2 / Копия / 430 (75) из 1410.05.01 Компьютерная безопасность/Бюджетная основа/Общие места (очн.)  3 / Копия / 399 (82) из 2002.03.03 Математическое обеспечение и администрирование информационных систем/Бюджетная основа/Общие места (очн.)  4 / Копия / 315 (75) из 1838.03.05 Бизнес-информатика/Бюджетная основа/Общие места (очн.)  5 / Копия / 359 (60) из 16
95,159-527-590 11,146,58,46,42,---,Копия,5,
96,159-203-395 67,143,39,64,40,---,Копия,3,09.03.04 Программная инженерия/Бюджетная основа/Общие места (очн.)  1 / Копия / 444 (76) из 1402.03.02 Фундаментальная информатика и информационные технологии/Бюджетная основа/Общие места (очн.)  2 / Копия / 330 (83) из 1402.03.03 Математическое обеспечение и администрирование информационных систем/Бюджетная основа/Общие места (очн.)  3 / Копия / 323 (76) из 1809.03.01 Информатика и вычислительная техника/Бюджетная основа/Общие места (очн.)  4 / Копия / 552 (97) из 2210.05.01 Компьютерная безопасность/Бюджетная основа/Общие места (очн.)  5 / Копия / 408 (83) из 20
97,159-832-800 05,139,39,60,40,---,Копия,2,09.03.01 Информатика и вычислительная техника/Бюджетная основа/Общие места (очн.)  1 / Копия / 558 (97) из 2202.03.03 Математическое обеспечение и администрирование информационных систем/Бюджетная основа/Общие места (очн.)  2 / Копия / 327 (76) из 1809.03.02 Информационные системы и технологии/Бюджетная основа/Общие места (очн.)  3 / Копия / 412 (59) из 610.05.01 Компьютерная безопасность/Бюджетная основа/Общие места (очн.)  4 / Копия / 412 (83) из 2002.03.01 Математика и компьютерные науки/Бюджетная основа/Общие места (очн.)  5 / Копия / 304 (58) из 19
98,171-307-475 48,138,39,52,47,---,Копия,3,02.03.02 Фундаментальная информатика и информационные технологии/Бюджетная основа/Общие места (очн.)  1 / Копия / 334 (83) из 1409.03.01 Информатика и вычислительная техника/Бюджетная основа/Общие места (очн.)  2 / Копия / 561 (98) из 2202.03.03 Математическое обеспечение и администрирование информационных систем/Бюджетная основа/Общие места (очн.)  3 / Копия / 328 (76) из 1838.03.01 Экономика/Бюджетная основа/Общие места (очн.)  4 / Копия / 313 (51) из 1338.03.02 Менеджмент/Бюджетная основа/Общие места (очн.)  5 / Копия / 363 (67) из 10
99,174-920-082 74,133,39,54,40,---,Копия,4,10.05.01 Компьютерная безопасность/Бюджетная основа/Общие места (очн.)  1 / Копия / 419 (84) из 2009.03.01 Информатика и вычислительная техника/Бюджетная основа/Общие места (очн.)  2 / Копия / 569 (100) из 2209.03.02 Информационные системы и технологии/Бюджетная основа/Общие места (очн.)  3 / Копия / 421 (59) из 602.03.03 Математическое обеспечение и администрирование информационных систем/Бюджетная основа/Общие места (очн.)  4 / Копия / 331 (77) из 18
100,159-832-798 28,131,41,50,40,---,Копия,5,
101,168-787-349 47,131,39,52,40,---,Копия,3,09.03.04 Программная инженерия/Бюджетная основа/Общие места (очн.)  1 / Копия / 460 (78) из 1402.03.02 Фундаментальная информатика и информационные технологии/Бюджетная основа/Общие места (очн.)  2 / Копия / 338 (85) из 1402.03.03 Математическое обеспечение и администрирование информационных систем/Бюджетная основа/Общие места (очн.)  3 / Копия / 333 (77) из 1809.03.01 Информатика и вычислительная техника/Бюджетная основа/Общие места (очн.)  4 / Копия / 572 (100) из 2210.05.01 Компьютерная безопасность/Бюджетная основа/Общие места (очн.)  5 / Копия / 421 (84) из 20
102 (27),159-434-219 83,124,39,45,40,---,Ориг.,2,02.03.02 Фундаментальная информатика и информационные технологии/Бюджетная основа/Общие места (очн.)  1 / Ориг. / 345 (89) из 1402.03.03 Математическое обеспечение и администрирование информационных систем/Бюджетная основа/Общие места (очн.)  2 / Ориг. / 337 (79) из 1809.03.04 Программная инженерия/Бюджетная основа/Общие места (очн.)  3 / Ориг. / 467 (81) из 14
103,202-496-586 61,95,Нет данных,46,49,---,Копия,2,
104,162-969-299 22,52,Нет данных,52,Нет данных,---,Копия,2,02.03.03 Математическое обеспечение и администрирование информационных систем/Бюджетная основа/Общие места (очн.)  1 / Копия / 346 (82) из 1809.03.01 Информатика и вычислительная техника/Бюджетная основа/Общие места (очн.)  2 / Копия / 605 (106) из 2202.03.02 Фундаментальная информатика и информационные технологии/Бюджетная основа/Общие места (очн.)  3 / Копия / 349 (90) из 1440.03.01 Юриспруденция/Бюджетная основа/Общие места (очн.)  4 / Копия / 931 (140) из 19
105,163-841-766 88,0,Нет данных,Нет данных,Нет данных,---,Копия,3,27.03.05 Инноватика/Бюджетная основа/Общие места (очн.)  1 / Копия / 38 (7) из 1
106,149-719-450 07,0,Нет данных,Нет данных,Нет данных,---,Копия,3,10.05.01 Компьютерная безопасность/Бюджетная основа/Общие места (очн.)  1 / Копия / 449 (88) из 2001.03.02 Прикладная математика и информатика/Бюджетная основа/Общие места (очн.)  2 / Копия / 400 (74) из 3502.03.02 Фундаментальная информатика и информационные технологии/Бюджетная основа/Общие места (очн.)  3 / Копия / 350 (90) из 1409.03.01 Информатика и вычислительная техника/Бюджетная основа/Общие места (очн.)  4 / Копия / 610 (106) из 2202.03.03 Математическое обеспечение и администрирование информационных систем/Бюджетная основа/Общие места (очн.)  5 / Копия / 349 (82) из 18
