,,,,,,,,,
,,,,Конк.группаПриор. / Статус /  №(№ориг.) из мест,,,,,
1 (1),000085494,Ориг.,4,02.03.02 Фундаментальная информатика и информационные технологии/Бюджетная основа/Общие места (очн.)  1 / Ориг. / 163 (46) из 1402.03.02 Фундаментальная информатика и информационные технологии/Бюджетная основа/ОП/Отдельная квота (очн.)  без экз. 1 / Ориг. / 1 (1) из 209.03.04 Программная инженерия/Бюджетная основа/Общие места (очн.)  2 / Ориг. / 172 (41) из 1409.03.04 Программная инженерия/Бюджетная основа/ОП/Отдельная квота (очн.)  без экз. 2 / Ориг. / 1 (1) из 210.05.01 Компьютерная безопасность/Бюджетная основа/Общие места (очн.)  3 / Ориг. / 125 (36) из 2010.05.01 Компьютерная безопасность/Бюджетная основа/ОП/Отдельная квота (очн.)  без экз. 3 / Ориг. / 1 (1) из 402.03.03 Математическое обеспечение и администрирование информационных систем/Бюджетная основа/Общие места (очн.)  4 / Ориг. / 143 (38) из 1809.03.01 Информатика и вычислительная техника/Бюджетная основа/Общие места (очн.)  5 / Ориг. / 164 (37) из 2209.03.01 Информатика и вычислительная техника/Бюджетная основа/ОП/Отдельная квота (очн.)  без экз. 5 / Ориг. / 2 (1) из 4,,,,,
,,,Экзамен 1,Экзамен 2,Экзамен 3,Индивидуальное достижение,,,Конк.группаПриор. / Статус /  №(№ориг.) из мест
1 (1),000094061,189,64,62,63,---,Ориг.,4,09.03.04 Программная инженерия/Бюджетная основа/Общие места (очн.)  1 / Ориг. / 360 (63) из 1409.03.04 Программная инженерия/Бюджетная основа/ОП/Отдельная квота (очн.)  ОП 1 / Ориг. / 3 (2) из 209.03.01 Информатика и вычислительная техника/Бюджетная основа/Общие места (очн.)  2 / Ориг. / 435 (81) из 2209.03.01 Информатика и вычислительная техника/Бюджетная основа/ОП/Отдельная квота (очн.)  ОП 2 / Ориг. / 2 (1) из 410.05.01 Компьютерная безопасность/Бюджетная основа/Общие места (очн.)  3 / Ориг. / 333 (73) из 2010.05.01 Компьютерная безопасность/Бюджетная основа/ОП/Отдельная квота (очн.)  ОП 3 / Ориг. / 2 (1) из 402.03.03 Математическое обеспечение и администрирование информационных систем/Бюджетная основа/Общие места (очн.)  4 / Ориг. / 270 (64) из 1802.03.02 Фундаментальная информатика и информационные технологии/Бюджетная основа/Общие места (очн.)  5 / Ориг. / 279 (68) из 1402.03.02 Фундаментальная информатика и информационные технологии/Бюджетная основа/ОП/Отдельная квота (очн.)  ОП 5 / Ориг. / 3 (2) из 2
2,000088124,172,58,56,58,---,Копия,3,09.03.02 Информационные системы и технологии/Бюджетная основа/Общие места (очн.)  1 / Копия / 343 (47) из 609.03.02 Информационные системы и технологии/Бюджетная основа/ОП/Отдельная квота (очн.)  ОП 1 / Копия / 3 (2) из 109.03.01 Информатика и вычислительная техника/Бюджетная основа/Общие места (очн.)  2 / Копия / 505 (91) из 2209.03.01 Информатика и вычислительная техника/Бюджетная основа/ОП/Отдельная квота (очн.)  ОП 2 / Копия / 3 (2) из 402.03.03 Математическое обеспечение и администрирование информационных систем/Бюджетная основа/Общие места (очн.)  3 / Копия / 293 (70) из 1801.03.02 Прикладная математика и информатика/Бюджетная основа/Общие места (очн.)  4 / Копия / 362 (69) из 3501.03.02 Прикладная математика и информатика/Бюджетная основа/ОП/Отдельная квота (очн.)  ОП 4 / Копия / 2 (1) из 502.03.02 Фундаментальная информатика и информационные технологии/Бюджетная основа/Общие места (очн.)  5 / Копия / 303 (74) из 1402.03.02 Фундаментальная информатика и информационные технологии/Бюджетная основа/ОП/Отдельная квота (очн.)  ОП 5 / Копия / 5 (3) из 2
