,,,,,,,,,
,,,Экзамен 1,Экзамен 2,Экзамен 3,Индивидуальное достижение,,,Конк.группаПриор. / Статус /  №(№ориг.) из мест
1,203-380-912 27,249,80,85,79,5,Копия,1,09.03.04 Программная инженерия/Бюджетная основа/Общие места (очн.)  2 / Копия / 100 (25) из 1410.05.01 Компьютерная безопасность/Бюджетная основа/Общие места (очн.)  3 / Копия / 58 (19) из 2038.03.05 Бизнес-информатика/Бюджетная основа/Общие места (очн.)  4 / Копия / 40 (15) из 1609.03.03 Прикладная информатика/Бюджетная основа/Общие места (очн.)  5 / Копия / 37 (7) из 2202.03.02 Фундаментальная информатика и информационные технологии/Бюджетная основа/Общие места (очн.)  6 / Копия / 90 (26) из 14
2 (1),160-300-334 94,170,52,64,54,---,Ориг.,3,02.03.02 Фундаментальная информатика и информационные технологии/Целевой прием/Общие места (очн.)  1 / Ориг. / 1 (1) из 209.03.01 Информатика и вычислительная техника/Целевой прием/Общие места (очн.)  2 / Ориг. / 2 (1) из 502.03.02 Фундаментальная информатика и информационные технологии/Бюджетная основа/Общие места (очн.)  4 / Ориг. / 306 (74) из 1409.03.01 Информатика и вычислительная техника/Бюджетная основа/Общие места (очн.)  5 / Ориг. / 511 (92) из 2202.03.03 Математическое обеспечение и администрирование информационных систем/Бюджетная основа/Общие места (очн.)  6 / Ориг. / 296 (70) из 1809.03.04 Программная инженерия/Бюджетная основа/Общие места (очн.)  7 / Ориг. / 402 (68) из 14
3,159-513-630 82,163,40,62,61,---,Копия,1,09.03.04 Программная инженерия/Бюджетная основа/Общие места (очн.)  2 / Копия / 417 (73) из 1409.03.01 Информатика и вычислительная техника/Бюджетная основа/Общие места (очн.)  3 / Копия / 525 (95) из 2202.03.03 Математическое обеспечение и администрирование информационных систем/Бюджетная основа/Общие места (очн.)  4 / Копия / 304 (73) из 1810.05.01 Компьютерная безопасность/Бюджетная основа/Общие места (очн.)  5 / Копия / 387 (81) из 20
