,,,,,,,
,,,Экзамен 1,Экзамен 2,,,Конк.группаПриор. / Статус /  №(№ориг.) из мест
1,000092442,0,Нет данных,Нет данных,Копия,1,
2,000094534,0,Нет данных,Нет данных,Копия,3,
3,000091346,0,Нет данных,Нет данных,Копия,1,09.03.03 Прикладная информатика/Бюджетная основа/Общие места (очн.)  1 / Копия / 479 (71) из 2209.03.04 Программная инженерия/Бюджетная основа/Общие места (очн.)  2 / Копия / 453 (76) из 14
