,,,,,,,,,
,,,,Конк.группаПриор. / Статус /  №(№ориг.) из мест,,,,,
1 (1),000085494,Ориг.,2,02.03.02 Фундаментальная информатика и информационные технологии/Бюджетная основа/Общие места (очн.)  1 / Ориг. / 163 (46) из 1402.03.02 Фундаментальная информатика и информационные технологии/Бюджетная основа/ОП/Отдельная квота (очн.)  без экз. 1 / Ориг. / 1 (1) из 209.03.04 Программная инженерия/Бюджетная основа/Общие места (очн.)  2 / Ориг. / 172 (41) из 1410.05.01 Компьютерная безопасность/Бюджетная основа/Общие места (очн.)  3 / Ориг. / 125 (36) из 2010.05.01 Компьютерная безопасность/Бюджетная основа/ОП/Отдельная квота (очн.)  без экз. 3 / Ориг. / 1 (1) из 402.03.03 Математическое обеспечение и администрирование информационных систем/Бюджетная основа/Общие места (очн.)  4 / Ориг. / 143 (38) из 1802.03.03 Математическое обеспечение и администрирование информационных систем/Бюджетная основа/ОП/Отдельная квота (очн.)  без экз. 4 / Ориг. / 1 (1) из 309.03.01 Информатика и вычислительная техника/Бюджетная основа/Общие места (очн.)  5 / Ориг. / 164 (37) из 2209.03.01 Информатика и вычислительная техника/Бюджетная основа/ОП/Отдельная квота (очн.)  без экз. 5 / Ориг. / 2 (1) из 4,,,,,
,,,Экзамен 1,Экзамен 2,Экзамен 3,Индивидуальное достижение,,,Конк.группаПриор. / Статус /  №(№ориг.) из мест
1 (1),000091452,229,68,72,89,---,Ориг.,1,09.03.04 Программная инженерия/Бюджетная основа/Общие места (очн.)  1 / Ориг. / 197 (47) из 1409.03.02 Информационные системы и технологии/Бюджетная основа/Общие места (очн.)  2 / Ориг. / 65 (9) из 609.03.02 Информационные системы и технологии/Бюджетная основа/ОП/Отдельная квота (очн.)  ОП 2 / Ориг. / 1 (1) из 102.03.02 Фундаментальная информатика и информационные технологии/Бюджетная основа/Общие места (очн.)  3 / Ориг. / 182 (53) из 1402.03.02 Фундаментальная информатика и информационные технологии/Бюджетная основа/ОП/Отдельная квота (очн.)  ОП 3 / Ориг. / 1 (1) из 209.03.03 Прикладная информатика/Бюджетная основа/Общие места (очн.)  4 / Ориг. / 112 (20) из 2209.03.03 Прикладная информатика/Бюджетная основа/ОП/Отдельная квота (очн.)  ОП 4 / Ориг. / 1 (1) из 3
2,000087203,192,58,62,72,---,Копия,2,02.03.02 Фундаментальная информатика и информационные технологии/Бюджетная основа/ОП/Отдельная квота (очн.)  ОП 1 / Копия / 2 (2) из 209.03.01 Информатика и вычислительная техника/Бюджетная основа/ОП/Отдельная квота (очн.)  ОП 3 / Копия / 1 (1) из 4
3 (2),000094061,189,64,62,63,---,Ориг.,1,09.03.04 Программная инженерия/Бюджетная основа/Общие места (очн.)  1 / Ориг. / 360 (63) из 1409.03.01 Информатика и вычислительная техника/Бюджетная основа/Общие места (очн.)  2 / Ориг. / 435 (81) из 2209.03.01 Информатика и вычислительная техника/Бюджетная основа/ОП/Отдельная квота (очн.)  ОП 2 / Ориг. / 2 (1) из 410.05.01 Компьютерная безопасность/Бюджетная основа/Общие места (очн.)  3 / Ориг. / 333 (73) из 2010.05.01 Компьютерная безопасность/Бюджетная основа/ОП/Отдельная квота (очн.)  ОП 3 / Ориг. / 2 (1) из 402.03.03 Математическое обеспечение и администрирование информационных систем/Бюджетная основа/Общие места (очн.)  4 / Ориг. / 270 (64) из 1802.03.03 Математическое обеспечение и администрирование информационных систем/Бюджетная основа/ОП/Отдельная квота (очн.)  ОП 4 / Ориг. / 1 (1) из 302.03.02 Фундаментальная информатика и информационные технологии/Бюджетная основа/Общие места (очн.)  5 / Ориг. / 279 (68) из 1402.03.02 Фундаментальная информатика и информационные технологии/Бюджетная основа/ОП/Отдельная квота (очн.)  ОП 5 / Ориг. / 3 (2) из 2
4,000090840,186,64,62,60,---,Копия,2,02.03.02 Фундаментальная информатика и информационные технологии/Бюджетная основа/Общие места (очн.)  1 / Копия / 289 (71) из 1402.03.02 Фундаментальная информатика и информационные технологии/Бюджетная основа/ОП/Отдельная квота (очн.)  ОП 1 / Копия / 4 (3) из 209.03.04 Программная инженерия/Бюджетная основа/Общие места (очн.)  2 / Копия / 369 (64) из 1410.05.01 Компьютерная безопасность/Бюджетная основа/Общие места (очн.)  3 / Копия / 342 (74) из 2010.05.01 Компьютерная безопасность/Бюджетная основа/ОП/Отдельная квота (очн.)  ОП 3 / Копия / 3 (2) из 409.03.03 Прикладная информатика/Бюджетная основа/Общие места (очн.)  4 / Копия / 371 (57) из 2209.03.03 Прикладная информатика/Бюджетная основа/ОП/Отдельная квота (очн.)  ОП 4 / Копия / 2 (2) из 309.03.02 Информационные системы и технологии/Бюджетная основа/Общие места (очн.)  5 / Копия / 271 (39) из 609.03.02 Информационные системы и технологии/Бюджетная основа/ОП/Отдельная квота (очн.)  ОП 5 / Копия / 2 (2) из 1
5,000091934,168,46,59,63,---,Копия,1,09.03.04 Программная инженерия/Бюджетная основа/Общие места (очн.)  1 / Копия / 407 (70) из 1409.03.03 Прикладная информатика/Бюджетная основа/Общие места (очн.)  2 / Копия / 439 (65) из 2209.03.03 Прикладная информатика/Бюджетная основа/ОП/Отдельная квота (очн.)  ОП 2 / Копия / 3 (2) из 310.05.01 Компьютерная безопасность/Бюджетная основа/Общие места (очн.)  3 / Копия / 377 (77) из 2010.05.01 Компьютерная безопасность/Бюджетная основа/ОП/Отдельная квота (очн.)  ОП 3 / Копия / 4 (2) из 409.03.02 Информационные системы и технологии/Бюджетная основа/Общие места (очн.)  4 / Копия / 363 (53) из 609.03.02 Информационные системы и технологии/Бюджетная основа/ОП/Отдельная квота (очн.)  ОП 4 / Копия / 5 (3) из 101.03.02 Прикладная математика и информатика/Бюджетная основа/Общие места (очн.)  5 / Копия / 372 (70) из 3501.03.02 Прикладная математика и информатика/Бюджетная основа/ОП/Отдельная квота (очн.)  ОП 5 / Копия / 3 (1) из 5
6,000092915,152,40,54,58,---,Копия,1,38.03.05 Бизнес-информатика/Бюджетная основа/ОП/Отдельная квота (очн.)  ОП 2 / Копия / 2 (2) из 309.03.01 Информатика и вычислительная техника/Бюджетная основа/ОП/Отдельная квота (очн.)  ОП 3 / Копия / 4 (2) из 402.03.02 Фундаментальная информатика и информационные технологии/Бюджетная основа/ОП/Отдельная квота (очн.)  ОП 4 / Копия / 6 (3) из 209.03.02 Информационные системы и технологии/Бюджетная основа/ОП/Отдельная квота (очн.)  ОП 5 / Копия / 6 (3) из 1
7,000088779,150,39,45,66,---,Копия,4,09.03.01 Информатика и вычислительная техника/Бюджетная основа/Общие места (очн.)  1 / Копия / 542 (97) из 2209.03.01 Информатика и вычислительная техника/Бюджетная основа/ОП/Отдельная квота (очн.)  ОП 1 / Копия / 5 (2) из 409.03.02 Информационные системы и технологии/Бюджетная основа/Общие места (очн.)  2 / Копия / 391 (59) из 609.03.02 Информационные системы и технологии/Бюджетная основа/ОП/Отдельная квота (очн.)  ОП 2 / Копия / 7 (3) из 111.03.03 Конструирование и технология электронных средств/Бюджетная основа/Общие места (очн.)  3 / Копия / 78 (19) из 511.03.03 Конструирование и технология электронных средств/Бюджетная основа/ОП/Отдельная квота (очн.)  ОП 3 / Копия / 1 (1) из 109.03.04 Программная инженерия/Бюджетная основа/Общие места (очн.)  4 / Копия / 431 (75) из 14
