,,,,,,,,,
,,,Экзамен 1,Экзамен 2,Экзамен 3,Индивидуальное достижение,,,Конк.группаПриор. / Статус /  №(№ориг.) из мест
1 (1),152-660-667 65,250,80,82,83,5,Ориг.,3,09.03.03 Прикладная информатика/Бюджетная основа/Общие места (заоч.)  1 / Ориг. / 2 (1) из 809.03.03 Прикладная информатика/Бюджетная основа/Общие места (заоч.)  2 / Ориг. / 2 (1) из 709.03.04 Программная инженерия/Бюджетная основа/Общие места (заоч.)  3 / Ориг. / 2 (1) из 7
2 (2),169-156-469 06,248,83,80,80,5,Ориг.,1,09.03.03 Прикладная информатика/Бюджетная основа/Общие места (заоч.)  1 / Ориг. / 3 (2) из 809.03.03 Прикладная информатика/Бюджетная основа/Общие места (заоч.)  2 / Ориг. / 3 (2) из 709.03.04 Программная инженерия/Бюджетная основа/Общие места (заоч.)  3 / Ориг. / 3 (2) из 7
3,187-322-423 76,217,64,64,89,---,Копия,1,09.03.04 Программная инженерия/Бюджетная основа/Общие места (заоч.)  1 / Копия / 6 (5) из 709.03.03 Прикладная информатика/Бюджетная основа/Общие места (заоч.)  2 / Копия / 7 (3) из 8
4 (3),163-721-291 58,214,70,59,85,---,Ориг.,1,09.03.04 Программная инженерия/Бюджетная основа/Общие места (заоч.)  1 / Ориг. / 8 (5) из 7
5,157-529-105 81,206,72,62,72,---,Копия,1,
6,139-131-946 61,206,70,59,77,---,Копия,2,09.03.04 Программная инженерия/Бюджетная основа/Общие места (очн.)  1 / Копия / 291 (56) из 1409.03.04 Программная инженерия/Бюджетная основа/Общие места (заоч.)  2 / Копия / 12 (6) из 709.03.01 Информатика и вычислительная техника/Бюджетная основа/Общие места (очн.)  3 / Копия / 342 (67) из 2202.03.02 Фундаментальная информатика и информационные технологии/Бюджетная основа/Общие места (очн.)  4 / Копия / 246 (67) из 1402.03.03 Математическое обеспечение и администрирование информационных систем/Бюджетная основа/Общие места (очн.)  5 / Копия / 236 (60) из 1802.03.01 Математика и компьютерные науки/Бюджетная основа/Общие места (очн.)  6 / Копия / 136 (27) из 19
7,162-994-117 97,205,64,62,79,---,Копия,1,10.05.01 Компьютерная безопасность/Целевой прием/Общие места (очн.)  1 / Копия / 3 (3) из 1209.03.04 Программная инженерия/Бюджетная основа/Общие места (заоч.)  2 / Копия / 14 (6) из 709.03.02 Информационные системы и технологии/Бюджетная основа/Общие места (очн.)  3 / Копия / 158 (22) из 602.03.01 Математика и компьютерные науки/Бюджетная основа/Общие места (очн.)  4 / Копия / 140 (29) из 1909.03.01 Информатика и вычислительная техника/Бюджетная основа/Общие места (очн.)  5 / Копия / 350 (69) из 2210.05.01 Компьютерная безопасность/Бюджетная основа/Общие места (очн.)  6 / Копия / 272 (63) из 2009.03.04 Программная инженерия/Бюджетная основа/Общие места (очн.)  7 / Копия / 297 (57) из 14
8 (4),159-415-965 03,205,45,99,61,---,Ориг.,1,09.03.04 Программная инженерия/Бюджетная основа/ОП/Общие места (заоч.)  ОП 1 / Ориг. / 1 (1) из 109.03.04 Программная инженерия/Бюджетная основа/Общие места (заоч.)  2 / Ориг. / 15 (6) из 7
9 (5),165-438-855 00,201,64,64,73,---,Ориг.,1,09.03.04 Программная инженерия/Бюджетная основа/Общие места (заоч.)  1 / Ориг. / 18 (8) из 7
10,188-294-408 20,195,64,59,72,---,Копия,2,10.05.01 Компьютерная безопасность/Целевой прием/Общие места (очн.)  1 / Копия / 5 (3) из 1209.03.04 Программная инженерия/Бюджетная основа/Общие места (заоч.)  2 / Копия / 19 (9) из 709.03.04 Программная инженерия/Бюджетная основа/Общие места (очн.)  3 / Копия / 332 (60) из 1409.03.01 Информатика и вычислительная техника/Бюджетная основа/Общие места (очн.)  4 / Копия / 397 (75) из 2202.03.02 Фундаментальная информатика и информационные технологии/Бюджетная основа/Общие места (очн.)  5 / Копия / 260 (68) из 1401.03.02 Прикладная математика и информатика/Бюджетная основа/Общие места (очн.)  6 / Копия / 270 (55) из 3510.05.01 Компьютерная безопасность/Бюджетная основа/Общие места (очн.)  7 / Копия / 310 (70) из 20
11 (6),160-495-332 62,167,39,69,54,5,Ориг.,6,02.03.03 Математическое обеспечение и администрирование информационных систем/Бюджетная основа/Общие места (очн.)  1 / Ориг. / 301 (71) из 1802.03.02 Фундаментальная информатика и информационные технологии/Бюджетная основа/Общие места (очн.)  2 / Ориг. / 311 (76) из 1409.03.04 Программная инженерия/Бюджетная основа/Общие места (очн.)  3 / Ориг. / 408 (70) из 1410.05.01 Компьютерная безопасность/Бюджетная основа/Общие места (очн.)  4 / Ориг. / 378 (77) из 2009.03.01 Информатика и вычислительная техника/Бюджетная основа/Общие места (очн.)  5 / Ориг. / 516 (93) из 2209.03.04 Программная инженерия/Бюджетная основа/Общие места (заоч.)  6 / Ориг. / 24 (9) из 7
12,204-061-547 09,166,58,48,60,---,Копия,1,09.03.04 Программная инженерия/Бюджетная основа/Общие места (заоч.)  1 / Копия / 25 (10) из 7
13,161-799-397 19,162,45,64,48,5,Копия,1,09.03.03 Прикладная информатика/Бюджетная основа/Общие места (заоч.)  1 / Копия / 20 (3) из 809.03.04 Программная инженерия/Бюджетная основа/Общие места (заоч.)  2 / Копия / 27 (10) из 7
14 (7),100-774-649 36,157,47,58,47,5,Ориг.,1,09.03.04 Программная инженерия/Бюджетная основа/Общие места (заоч.)  1 / Ориг. / 30 (10) из 7
15 (8),160-115-186 12,156,39,60,57,---,Ориг.,1,09.03.04 Программная инженерия/Бюджетная основа/Общие места (заоч.)  1 / Ориг. / 31 (11) из 7
16 (9),196-324-560 93,150,51,52,47,---,Ориг.,3,09.03.04 Программная инженерия/Бюджетная основа/Общие места (заоч.)  1 / Ориг. / 32 (12) из 709.03.03 Прикладная информатика/Бюджетная основа/Общие места (заоч.)  2 / Ориг. / 19 (7) из 709.03.03 Прикладная информатика/Бюджетная основа/Общие места (заоч.)  3 / Ориг. / 26 (5) из 8
17 (10),159-193-922 06,149,40,51,58,---,Ориг.,1,09.03.03 Прикладная информатика/Бюджетная основа/Общие места (заоч.)  1 / Ориг. / 27 (6) из 809.03.03 Прикладная информатика/Бюджетная основа/Общие места (заоч.)  2 / Ориг. / 20 (8) из 709.03.04 Программная инженерия/Бюджетная основа/Общие места (заоч.)  3 / Ориг. / 33 (13) из 7
18,159-229-269 96,147,57,50,40,---,Копия,1,09.03.04 Программная инженерия/Бюджетная основа/Общие места (заоч.)  1 / Копия / 34 (14) из 7
19 (11),163-421-512 34,146,58,48,40,---,Ориг.,1,09.03.04 Программная инженерия/Бюджетная основа/Общие места (заоч.)  1 / Ориг. / 36 (14) из 709.03.03 Прикладная информатика/Бюджетная основа/Общие места (заоч.)  2 / Ориг. / 29 (7) из 8
20,172-236-843 64,144,39,65,40,---,Копия,1,09.03.04 Программная инженерия/Бюджетная основа/Общие места (заоч.)  1 / Копия / 38 (15) из 709.03.03 Прикладная информатика/Бюджетная основа/Общие места (заоч.)  2 / Копия / 33 (8) из 809.03.02 Информационные системы и технологии/Бюджетная основа/Общие места (очн.)  3 / Копия / 403 (59) из 6
21,179-542-009 94,143,41,62,40,---,Копия,1,09.03.04 Программная инженерия/Бюджетная основа/Общие места (заоч.)  1 / Копия / 41 (15) из 7
22,172-439-589 93,143,39,58,46,---,Копия,1,09.03.04 Программная инженерия/Бюджетная основа/Общие места (заоч.)  1 / Копия / 42 (15) из 709.03.03 Прикладная информатика/Бюджетная основа/Общие места (заоч.)  2 / Копия / 36 (8) из 8
23,159-487-875 45,142,44,58,40,---,Копия,2,09.03.03 Прикладная информатика/Бюджетная основа/Общие места (заоч.)  1 / Копия / 38 (8) из 809.03.04 Программная инженерия/Бюджетная основа/Общие места (заоч.)  2 / Копия / 44 (15) из 7
24 (12),177-679-147 37,140,51,44,40,5,Ориг.,1,09.03.04 Программная инженерия/Бюджетная основа/Общие места (заоч.)  1 / Ориг. / 46 (15) из 709.03.03 Прикладная информатика/Бюджетная основа/Общие места (заоч.)  2 / Ориг. / 39 (8) из 8
25,172-237-486 67,140,39,61,40,---,Копия,1,
26,042-153-990 33,138,40,46,52,---,Копия,1,
27 (13),162-412-178 32,134,46,48,40,---,Ориг.,1,09.03.04 Программная инженерия/Бюджетная основа/Общие места (заоч.)  1 / Ориг. / 53 (16) из 7
28,203-564-100 17,131,39,52,40,---,Копия,1,
29,160-092-417 30,131,39,52,40,---,Копия,1,09.03.04 Программная инженерия/Бюджетная основа/Общие места (заоч.)  1 / Копия / 57 (17) из 7
30,160-048-029 21,129,39,50,40,---,Копия,1,09.03.04 Программная инженерия/Бюджетная основа/Общие места (заоч.)  1 / Копия / 59 (18) из 7
31,160-092-968 56,129,39,45,40,5,Копия,3,09.03.04 Программная инженерия/Бюджетная основа/Общие места (заоч.)  1 / Копия / 60 (18) из 721.05.02 Прикладная геология/Бюджетная основа/Общие места (заоч.)  2 / Копия / 27 (17) из 1209.03.03 Прикладная информатика/Бюджетная основа/Общие места (заоч.)  3 / Копия / 44 (9) из 8
32,159-284-574 11,129,39,44,41,5,Копия,1,09.03.04 Программная инженерия/Бюджетная основа/Общие места (заоч.)  1 / Копия / 61 (18) из 7
33 (14),131-939-696 86,127,39,48,40,---,Ориг.,1,09.03.04 Программная инженерия/Бюджетная основа/Общие места (заоч.)  1 / Ориг. / 63 (19) из 709.03.03 Прикладная информатика/Бюджетная основа/Общие места (заоч.)  2 / Ориг. / 45 (9) из 8
34 (15),083-374-274 77,127,39,48,40,---,Ориг.,1,09.03.04 Программная инженерия/Бюджетная основа/Общие места (заоч.)  1 / Ориг. / 64 (20) из 7
35 (16),163-374-847 85,127,39,48,40,---,Ориг.,1,09.03.04 Программная инженерия/Бюджетная основа/Общие места (заоч.)  1 / Ориг. / 62 (18) из 7
36,173-348-797 00,125,52,Нет данных,73,---,Копия,6,09.03.03 Прикладная информатика/Бюджетная основа/Общие места (очн.)  1 / Копия / 406 (61) из 2209.03.04 Программная инженерия/Бюджетная основа/Общие места (очн.)  2 / Копия / 465 (80) из 1401.03.02 Прикладная математика и информатика/Бюджетная основа/Общие места (очн.)  3 / Копия / 347 (67) из 3509.03.02 Информационные системы и технологии/Бюджетная основа/Общие места (очн.)  4 / Копия / 317 (47) из 602.03.01 Математика и компьютерные науки/Бюджетная основа/Общие места (очн.)  5 / Копия / 253 (48) из 1909.03.04 Программная инженерия/Бюджетная основа/Общие места (заоч.)  6 / Копия / 65 (21) из 7
37,163-871-572 95,124,39,45,40,---,Копия,1,09.03.04 Программная инженерия/Бюджетная основа/Общие места (заоч.)  1 / Копия / 66 (21) из 7
38,160-668-100 57,123,39,44,40,---,Копия,2,
39,179-210-192 67,117,Нет данных,48,69,---,Копия,2,
40,159-863-828 36,83,39,44,Нет данных,---,Копия,1,09.03.04 Программная инженерия/Бюджетная основа/Общие места (заоч.)  1 / Копия / 67 (21) из 7
41,155-877-040 01,81,41,Нет данных,40,---,Копия,4,09.03.04 Программная инженерия/Бюджетная основа/Общие места (заоч.)  1 / Копия / 68 (21) из 7
42,160-814-314 40,5,Нет данных,Нет данных,Нет данных,5,Копия,1,
43,185-346-598 09,0,Нет данных,Нет данных,Нет данных,---,Копия,1,09.03.04 Программная инженерия/Бюджетная основа/Общие места (заоч.)  1 / Копия / 79 (21) из 739.03.02 Социальная работа/Бюджетная основа/Общие места (заоч.)  2 / Копия / 38 (14) из 709.03.03 Прикладная информатика/Бюджетная основа/Общие места (заоч.)  3 / Копия / 35 (10) из 739.03.03 Организация работы с молодёжью/Бюджетная основа/Общие места (заоч.)  4 / Копия / 56 (17) из 609.03.03 Прикладная информатика/Бюджетная основа/Общие места (заоч.)  5 / Копия / 52 (10) из 8
44,160-300-775 14,0,Нет данных,Нет данных,Нет данных,---,Копия,1,09.03.04 Программная инженерия/Бюджетная основа/Общие места (заоч.)  1 / Копия / 77 (21) из 709.03.03 Прикладная информатика/Бюджетная основа/Общие места (заоч.)  2 / Копия / 51 (10) из 809.03.03 Прикладная информатика/Бюджетная основа/Общие места (заоч.)  3 / Копия / 32 (10) из 7
45,160-048-009 17,0,Нет данных,Нет данных,Нет данных,---,Копия,2,21.05.02 Прикладная геология/Бюджетная основа/Общие места (заоч.)  1 / Копия / 49 (28) из 12
46,162-817-452 75,0,Нет данных,Нет данных,Нет данных,---,Копия,1,
47,142-592-761 71,0,Нет данных,Нет данных,Нет данных,---,Копия,1,
48,164-800-482 62,0,Нет данных,Нет данных,Нет данных,---,Копия,3,43.03.02 Туризм/Бюджетная основа/Общие места (заоч.)  1 / Копия / 52 (15) из 709.03.04 Программная инженерия/Бюджетная основа/Общие места (заоч.)  2 / Копия / 75 (21) из 709.03.03 Прикладная информатика/Бюджетная основа/Общие места (заоч.)  3 / Копия / 55 (10) из 8
49,163-341-215 32,0,Нет данных,Нет данных,Нет данных,---,Копия,1,09.03.04 Программная инженерия/Бюджетная основа/Общие места (заоч.)  1 / Копия / 74 (21) из 743.03.02 Туризм/Бюджетная основа/Общие места (очн.)  2 / Копия / 233 (46) из 4
50,161-922-368 64,0,Нет данных,Нет данных,Нет данных,---,Копия,1,09.03.04 Программная инженерия/Бюджетная основа/Общие места (заоч.)  1 / Копия / 78 (21) из 7
51,159-864-137 20,0,Нет данных,Нет данных,Нет данных,---,Копия,1,
52,162-592-505 73,0,Нет данных,Нет данных,Нет данных,---,Копия,1,
53,160-277-206 43,0,Нет данных,Нет данных,Нет данных,---,Копия,1,
54,159-106-542 66,0,Нет данных,Нет данных,Нет данных,---,Копия,1,09.03.04 Программная инженерия/Бюджетная основа/Общие места (заоч.)  1 / Копия / 84 (22) из 7
55,160-592-351 59,0,Нет данных,Нет данных,Нет данных,---,Копия,8,
56,136-689-679 26,0,Нет данных,Нет данных,Нет данных,---,Копия,1,09.03.04 Программная инженерия/Бюджетная основа/Общие места (заоч.)  1 / Копия / 87 (22) из 7
57,139-231-677 65,0,Нет данных,Нет данных,Нет данных,---,Копия,1,
58,137-364-131 55,0,Нет данных,Нет данных,Нет данных,---,Копия,1,
59,160-667-799 98,0,Нет данных,Нет данных,Нет данных,---,Копия,1,
60,165-519-389 96,0,Нет данных,Нет данных,Нет данных,---,Копия,1,09.03.04 Программная инженерия/Бюджетная основа/Общие места (очн.)  1 / Копия / 488 (85) из 1409.03.04 Программная инженерия/Бюджетная основа/Общие места (заоч.)  2 / Копия / 85 (22) из 710.05.01 Компьютерная безопасность/Бюджетная основа/Общие места (очн.)  3 / Копия / 445 (88) из 20
61,159-660-806 06,0,Нет данных,Нет данных,Нет данных,---,Копия,3,39.03.03 Организация работы с молодёжью/Бюджетная основа/Общие места (заоч.)  1 / Копия / 73 (20) из 6
62,162-133-728 36,0,Нет данных,Нет данных,Нет данных,---,Копия,1,
63,165-871-908 12,0,Нет данных,Нет данных,Нет данных,---,Копия,1,09.03.04 Программная инженерия/Бюджетная основа/Общие места (заоч.)  1 / Копия / 82 (22) из 709.03.03 Прикладная информатика/Бюджетная основа/Общие места (заоч.)  2 / Копия / 56 (10) из 809.03.03 Прикладная информатика/Бюджетная основа/Общие места (заоч.)  3 / Копия / 40 (10) из 7
