,,,,,,,,,
,,,Экзамен 1,Экзамен 2,Экзамен 3,Индивидуальное достижение,,,Конк.группаПриор. / Статус /  №(№ориг.) из мест
1 (1),159-415-965 03,205,45,99,61,---,Ориг.,1,09.03.04 Программная инженерия/Бюджетная основа/Общие места (заоч.)  2 / Ориг. / 15 (6) из 7
2 (2),163-184-581 71,161,49,61,51,---,Ориг.,7,10.05.01 Компьютерная безопасность/Бюджетная основа/ОП/Общие места (очн.)  ОП 1 / Ориг. / 3 (1) из 401.03.02 Прикладная математика и информатика/Бюджетная основа/ОП/Общие места (очн.)  ОП 2 / Ориг. / 4 (2) из 538.03.05 Бизнес-информатика/Бюджетная основа/ОП/Общие места (очн.)  ОП 3 / Ориг. / 5 (3) из 309.03.03 Прикладная информатика/Бюджетная основа/ОП/Общие места (очн.)  ОП 4 / Ориг. / 6 (3) из 409.03.04 Программная инженерия/Бюджетная основа/ОП/Общие места (очн.)  ОП 5 / Ориг. / 5 (1) из 209.03.03 Прикладная информатика/Бюджетная основа/ОП/Общие места (заоч.)  ОП 6 / Ориг. / 1 (1) из 2
3,155-214-911 46,5,Нет данных,Нет данных,Нет данных,5,Копия,1,09.03.04 Программная инженерия/Бюджетная основа/Общие места (заоч.)  1 / Копия / 71 (21) из 709.03.03 Прикладная информатика/Бюджетная основа/Общие места (заоч.)  2 / Копия / 49 (10) из 809.03.03 Прикладная информатика/Бюджетная основа/ОП/Общие места (заоч.)  ОП 2 / Копия / 2 (2) из 209.03.03 Прикладная информатика/Бюджетная основа/Общие места (заоч.)  3 / Копия / 31 (10) из 709.03.03 Прикладная информатика/Бюджетная основа/ОП/Общие места (заоч.)  ОП 3 / Копия / 1 (1) из 144.03.01 Педагогическое образование/Бюджетная основа/Общие места (заоч.)  4 / Копия / 25 (8) из 844.03.01 Педагогическое образование/Бюджетная основа/ОП/Общие места (заоч.)  ОП 4 / Копия / 1 (1) из 144.03.01 Педагогическое образование/Бюджетная основа/Общие места (заоч.)  5 / Копия / 23 (8) из 544.03.01 Педагогическое образование/Бюджетная основа/ОП/Общие места (заоч.)  ОП 5 / Копия / 1 (1) из 144.03.01 Педагогическое образование/Бюджетная основа/Общие места (заоч.)  6 / Копия / 60 (42) из 1144.03.01 Педагогическое образование/Бюджетная основа/ОП/Общие места (заоч.)  ОП 6 / Копия / 4 (4) из 344.03.01 Педагогическое образование/Бюджетная основа/Общие места (заоч.)  7 / Копия / 8 (4) из 544.03.01 Педагогическое образование/Бюджетная основа/ОП/Общие места (заоч.)  ОП 7 / Копия / 1 (1) из 146.03.01 История/Бюджетная основа/Общие места (заоч.)  8 / Копия / 97 (20) из 1246.03.01 История/Бюджетная основа/ОП/Общие места (заоч.)  ОП 8 / Копия / 5 (2) из 242.03.02 Журналистика/Бюджетная основа/Общие места (заоч.)  9 / Копия / 63 (21) из 642.03.02 Журналистика/Бюджетная основа/ОП/Общие места (заоч.)  ОП 9 / Копия / 2 (1) из 1
4,163-616-202 50,0,Нет данных,Нет данных,Нет данных,---,Копия,1,
