,,,,,,,
,,,Экзамен 1,Экзамен 2,,,Конк.группаПриор. / Статус /  №(№ориг.) из мест
1,000092079,0,Нет данных,Нет данных,Копия,3,
2,000091367,0,Нет данных,Нет данных,Копия,2,
3,000094067,0,Нет данных,Нет данных,Копия,2,
4,000089507,0,Нет данных,Нет данных,Копия,1,
5,000090321,0,Нет данных,Нет данных,Копия,3,
6,000092897,0,Нет данных,Нет данных,Копия,1,
7,000089419,0,Нет данных,Нет данных,Копия,2,
8,000093928,0,Нет данных,Нет данных,Копия,1,
9,000087946,0,Нет данных,Нет данных,Копия,2,
10,000093320,0,Нет данных,Нет данных,Копия,2,
11,000084742,0,Нет данных,Нет данных,Копия,1,
12,000094462,0,Нет данных,Нет данных,Копия,1,
