,,,,,,,,,,,,
1,185-705-663-01,2 ,,,нет,не требуется,92 93 100 ,285,10,295,Возможен,
2,175-006-283-48,2 ,,,нет,"требуется, гарантировано",96 90 95 ,281,10,291,Возможен,
3,182-173-584-74,3 ,,,нет,не требуется,94 100 95 ,289,0,289,Возможен,
4,167-788-090-36,1 ,да,,нет,"требуется, гарантировано",92 90 97 ,279,10,289,Возможен,
5,156-794-077-13,1 ,да,,нет,не требуется,90 98 91 ,279,10,289,Возможен,
6,186-752-700-09,2 ,,,нет,не требуется,88 100 91 ,279,10,289,Возможен,
7,156-568-616-07,4 ,,,нет,"требуется, гарантировано",100 83 93 ,276,10,286,Возможен,
8,191-865-757-22,4 ,,,нет,не требуется,96 93 97 ,286,0,286,Возможен,
9,157-497-685-32,3 ,,,нет,"требуется, гарантировано",90 93 93 ,276,10,286,Возможен,
10,156-790-704-01,4 ,,,нет,не требуется,88 90 97 ,275,10,285,Возможен,
11,199-421-004-85,2 ,да,,нет,"требуется, гарантировано",92 85 97 ,274,10,284,Возможен,
12,161-922-370-58,1 ,да,,нет,не требуется,88 95 91 ,274,10,284,Возможен,
13,163-925-261-80,3 ,,,да,"требуется, гарантировано",98 90 85 ,273,10,283,Претендует,Рассматривается к зачислению
14,187-281-425-98,3 ,,,нет,не требуется,88 85 100 ,273,10,283,Возможен,
15,194-005-565-60,2 ,да,,нет,"требуется, гарантировано",88 95 89 ,272,10,282,Возможен,
16,169-912-511-03,3 ,,,нет,"требуется, гарантировано",84 95 93 ,272,10,282,Возможен,
17,171-378-145-72,5 ,,,нет,"требуется, гарантировано",92 93 85 ,270,10,280,Возможен,
18,166-247-749-96,3 ,,,нет,"требуется, гарантировано",88 93 89 ,270,10,280,Возможен,
19,160-386-193-62,1 ,да,,нет,"требуется, гарантировано",88 85 97 ,270,10,280,Возможен,
20,169-490-515-09,3 ,,,нет,не требуется,92 90 87 ,269,10,279,Возможен,
21,169-725-065-07,3 ,,,нет,"требуется, гарантировано",86 98 95 ,279,0,279,Возможен,
22,168-262-192-85,5 ,,,нет,"требуется, гарантировано",86 90 93 ,269,10,279,Возможен,
23,153-375-409-63,4 ,,,нет,не требуется,86 88 95 ,269,10,279,Возможен,
24,194-091-185-81,5 ,,,нет,не требуется,82 90 97 ,269,10,279,Возможен,
25,178-249-881-28,5 ,,,да,не требуется,94 95 89 ,278,0,278,Претендует,Рассматривается к зачислению
26,166-419-067-82,4 ,,,нет,"требуется, гарантировано",84 95 89 ,268,10,278,Возможен,
27,179-544-036-04,1 ,да,да,да,не требуется,90 90 87 ,267,10,277,Претендует,Рассматривается к зачислению
28,209-327-030-42,5 ,,,нет,"требуется, гарантировано",88 83 95 ,266,10,276,Возможен,
29,164-414-147-47,4 ,,,нет,"требуется, гарантировано",86 83 97 ,266,10,276,Возможен,
30,160-230-166-04,2 ,да,,нет,"требуется, гарантировано",82 100 91 ,273,3,276,Возможен,
31,209-328-239-61,3 ,,,нет,не требуется,80 93 93 ,266,10,276,Возможен,
32,141-523-384-28,4 ,,,нет,"требуется, гарантировано",92 90 93 ,275,0,275,Возможен,
33,195-153-845-95,1 ,да,,нет,не требуется,78 90 97 ,265,10,275,Возможен,
34,175-036-387-70,3 ,да,,нет,требуется,92 95 77 ,264,10,274,Возможен,
35,210-397-265-39,5 ,,,нет,не требуется,88 83 93 ,264,10,274,Возможен,
36,179-221-758-92,5 ,,,нет,требуется,86 85 93 ,264,10,274,Возможен,
37,178-819-731-36,5 ,да,,нет,не требуется,90 88 95 ,273,0,273,Возможен,
38,154-220-967-44,1 ,да,,нет,не требуется,86 98 79 ,263,10,273,Возможен,
39,167-469-299-27,4 ,,,нет,не требуется,84 88 91 ,263,10,273,Возможен,
40,174-887-960-46,6 ,да,,нет,не требуется,80 88 95 ,263,10,273,Возможен,
41,167-455-447-00,2 ,да,,нет,не требуется,78 88 97 ,263,10,273,Возможен,
42,163-890-237-89,2 ,да,,нет,не требуется,90 88 85 ,263,9,272,Возможен,
43,178-945-124-24,3 ,да,,нет,не требуется,90 75 97 ,262,10,272,Возможен,
44,168-727-670-23,3 ,да,,нет,"требуется, отказано",90 88 93 ,271,0,271,Возможен,
45,195-754-799-45,5 ,да,,нет,не требуется,90 85 93 ,268,3,271,Возможен,
46,200-816-885-39,4 ,,,нет,требуется,88 90 93 ,271,0,271,Возможен,
47,165-929-251-07,3 ,,,нет,требуется,84 90 87 ,261,10,271,Возможен,
48,177-500-205-54,2 ,,,нет,не требуется,84 80 97 ,261,10,271,Возможен,
49,160-808-600-54,4 ,да,,нет,требуется,80 88 93 ,261,10,271,Возможен,
50,197-177-489-34,2 ,да,,нет,требуется,80 88 93 ,261,10,271,Возможен,
51,159-068-283-98,6 ,да,,нет,не требуется,74 90 97 ,261,10,271,Возможен,
52,167-382-839-09,4 ,,,нет,не требуется,82 93 95 ,270,0,270,Возможен,
53,158-789-270-41,1 ,,,нет,требуется,82 93 85 ,260,10,270,Возможен,
54,171-807-827-82,2 ,,,нет,требуется,82 83 95 ,260,10,270,Возможен,
55,136-195-305-59,4 ,,,нет,требуется,80 93 97 ,270,0,270,Возможен,
56,162-105-315-12,5 ,,,нет,требуется,80 85 95 ,260,10,270,Возможен,
57,169-775-814-45,2 ,,,нет,не требуется,80 80 100 ,260,10,270,Возможен,
58,160-385-247-55,5 ,,,нет,не требуется,72 88 100 ,260,10,270,Возможен,
59,168-218-492-93,1 ,,,нет,не требуется,90 78 91 ,259,10,269,,
60,163-663-227-72,5 ,,,нет,требуется,86 90 93 ,269,0,269,,
61,174-698-162-21,2 ,,,нет,требуется,84 90 95 ,269,0,269,,Преим. право
62,149-395-237-04,3 ,,,нет,не требуется,84 85 100 ,269,0,269,,
63,167-523-905-89,2 ,,,нет,требуется,80 93 93 ,266,3,269,,
64,195-163-550-88,3 ,,,нет,требуется,74 90 95 ,259,10,269,,
65,156-968-947-47,1 ,,,нет,требуется,84 88 93 ,265,3,268,,
66,167-267-178-00,3 ,,,нет,не требуется,82 83 93 ,258,10,268,,
67,203-324-427-05,3 ,,,нет,требуется,80 88 100 ,268,0,268,,
68,146-693-674-10,2 ,,,нет,не требуется,78 95 89 ,262,6,268,,
69,189-228-907-22,2 ,,,нет,не требуется,76 85 97 ,258,10,268,,
70,199-752-742-48,4 ,,,нет,не требуется,94 83 90 ,267,0,267,,
71,153-928-420-81,1 ,,,нет,требуется,90 78 89 ,257,10,267,,
72,186-045-871-93,2 ,,,нет,не требуется,84 83 100 ,267,0,267,,
73,184-511-807-70,2 ,,,нет,не требуется,82 88 97 ,267,0,267,,
74,139-885-818-36,1 ,,,нет,не требуется,82 80 95 ,257,10,267,,
75,180-800-177-44,3 ,,,нет,не требуется,82 78 97 ,257,10,267,,
76,163-628-065-72,3 ,,,нет,не требуется,80 98 89 ,267,0,267,,
77,186-613-612-89,6 ,,,нет,не требуется,76 88 93 ,257,10,267,,
78,174-605-957-92,1 ,,,нет,требуется,98 85 83 ,266,0,266,,
79,149-946-644-30,5 ,,,нет,требуется,86 88 92 ,266,0,266,,
80,190-648-848-07,6 ,,,нет,не требуется,86 85 85 ,256,10,266,,
81,184-114-230-39,3 ,,,нет,не требуется,86 80 100 ,266,0,266,,
82,165-051-955-62,3 ,,,нет,требуется,82 95 79 ,256,10,266,,
83,189-085-738-29,3 ,,,нет,не требуется,82 93 91 ,266,0,266,,
84,166-411-475-62,1 ,,,нет,не требуется,82 85 89 ,256,10,266,,
85,159-457-518-12,6 ,,,нет,требуется,82 83 91 ,256,10,266,,
86,143-584-676-85,3 ,,,нет,требуется,80 93 91 ,264,2,266,,
87,170-081-678-48,1 ,,да,да,требуется,78 95 83 ,256,10,266,,Рассматривается к зачислению
88,171-046-058-33,4 ,,,нет,не требуется,76 83 97 ,256,10,266,,
89,177-900-797-12,4 ,,,да,не требуется,74 85 97 ,256,10,266,,Рассматривается к зачислению
90,136-582-622-76,4 ,,,нет,не требуется,72 93 91 ,256,10,266,,
91,138-582-631-91,5 ,,,нет,требуется,92 78 85 ,255,10,265,,
92,159-740-531-95,2 ,,,нет,требуется,86 88 81 ,255,10,265,,
93,154-480-802-66,5 ,,,нет,не требуется,84 85 93 ,262,3,265,,Преим. право
94,153-344-946-64,1 ,,,нет,требуется,82 90 91 ,263,2,265,,
95,165-898-500-30,5 ,,,нет,требуется,80 95 87 ,262,3,265,,
96,183-261-735-71,4 ,,,нет,не требуется,78 88 93 ,259,6,265,,
97,157-626-613-90,2 ,,,нет,требуется,78 88 89 ,255,10,265,,
98,201-580-928-33,4 ,,,нет,требуется,78 88 89 ,255,10,265,,
99,157-515-654-84,4 ,,,нет,требуется,90 85 79 ,254,10,264,,
100,169-902-371-04,3 ,,,нет,не требуется,80 93 91 ,264,0,264,,
101,165-727-684-08,3 ,,,нет,не требуется,80 83 91 ,254,10,264,,
102,168-438-293-09,5 ,,,да,не требуется,76 85 93 ,254,10,264,,Рассматривается к зачислению
103,172-080-158-39,2 ,,,нет,не требуется,72 85 97 ,254,10,264,,
104,146-325-358-57,9 ,,,нет,требуется,88 85 87 ,260,3,263,,
105,181-253-685-67,1 ,,,нет,не требуется,88 80 85 ,253,10,263,,
106,188-118-837-07,2 ,,,нет,не требуется,82 95 83 ,260,3,263,,
107,167-404-255-66,2 ,,,нет,требуется,82 90 91 ,263,0,263,,
108,158-150-323-51,3 ,,,нет,требуется,82 88 83 ,253,10,263,,
109,170-981-276-88,1 ,,,нет,не требуется,82 83 95 ,260,3,263,,
110,167-858-551-35,8 ,,,нет,требуется,78 90 95 ,263,0,263,,
111,188-027-804-94,3 ,,,нет,не требуется,78 90 87 ,255,8,263,,
112,170-118-471-34,5 ,,,нет,не требуется,74 88 91 ,253,10,263,,
113,165-145-483-68,4 ,,,нет,не требуется,88 75 89 ,252,10,262,,
114,158-220-338-49,3 ,,,нет,не требуется,86 90 83 ,259,3,262,,
115,156-930-056-75,3 ,,,нет,требуется,86 85 91 ,262,0,262,,
116,165-484-806-00,2 ,,,нет,требуется,80 83 89 ,252,10,262,,
117,182-625-456-80,5 ,,,нет,не требуется,74 98 87 ,259,3,262,,
118,183-797-533-31,5 ,,,нет,не требуется,74 98 87 ,259,3,262,,
119,142-483-512-49,3 ,,,нет,требуется,74 83 95 ,252,10,262,,
120,153-655-240-64,4 ,,,нет,требуется,74 83 95 ,252,10,262,,
121,205-198-741-65,4 ,,,нет,не требуется,72 85 95 ,252,10,262,,
122,161-823-356-58,4 ,,,нет,требуется,72 83 97 ,252,10,262,,
123,165-517-431-73,4 ,,,нет,требуется,84 80 87 ,251,10,261,,
124,140-119-040-96,6 ,,,да,не требуется,82 88 81 ,251,10,261,,Рассматривается к зачислению
125,192-475-253-92,2 ,,,нет,требуется,82 80 89 ,251,10,261,,
126,182-579-009-96,8 ,,,нет,не требуется,80 88 93 ,261,0,261,,
127,154-208-742-51,2 ,,,нет,"требуется, отказано",80 80 91 ,251,10,261,,
128,162-255-906-60,1 ,,,нет,требуется,80 78 93 ,251,10,261,,
129,165-469-396-13,2 ,,,нет,не требуется,80 78 93 ,251,10,261,,
130,159-868-875-63,2 ,,,нет,требуется,76 88 87 ,251,10,261,,
131,160-308-893-51,4 ,,,нет,не требуется,74 98 89 ,261,0,261,,
132,149-831-392-99,3 ,,,нет,требуется,70 90 91 ,251,10,261,,
133,167-558-172-10,3 ,,,нет,требуется,86 75 89 ,250,10,260,,
134,174-132-167-43,4 ,,,нет,не требуется,78 85 87 ,250,10,260,,
135,143-305-893-44,2 ,,,нет,требуется,76 83 91 ,250,10,260,,
136,187-716-725-21,1 ,,,нет,требуется,72 85 93 ,250,10,260,,
137,169-365-772-23,4 ,,,нет,не требуется,92 88 79 ,259,0,259,,
138,160-543-882-60,3 ,,,нет,требуется,88 85 86 ,259,0,259,,Преим. право
139,162-749-647-00,3 ,,,нет,не требуется,86 78 95 ,259,0,259,,
140,157-451-780-87,2 ,,,нет,требуется,84 90 85 ,259,0,259,,
141,168-106-267-67,2 ,,,нет,требуется,84 90 85 ,259,0,259,,
142,184-058-088-81,6 ,,,нет,не требуется,80 88 91 ,259,0,259,,
143,168-891-073-25,1 ,,,нет,не требуется,80 80 89 ,249,10,259,,
144,142-403-017-00,3 ,,,нет,требуется,80 78 91 ,249,10,259,,
145,205-112-889-20,4 ,,,да,не требуется,78 88 93 ,259,0,259,,Рассматривается к зачислению
146,181-066-705-59,4 ,,,да,не требуется,78 83 95 ,256,3,259,,Рассматривается к зачислению
147,167-032-577-64,5 ,,,нет,требуется,78 78 93 ,249,10,259,,
148,157-121-680-51,6 ,,,нет,требуется,76 90 93 ,259,0,259,,
149,186-516-996-23,6 ,,,нет,не требуется,74 78 97 ,249,10,259,,
150,188-685-513-43,5 ,,,да,не требуется,68 90 91 ,249,10,259,,Рассматривается к зачислению
151,169-660-855-23,1 ,,,нет,не требуется,84 80 91 ,255,3,258,,
152,191-660-572-84,6 ,,,нет,требуется,82 95 81 ,258,0,258,,
153,162-702-788-65,1 ,,,нет,требуется,82 83 93 ,258,0,258,,
154,187-463-461-11,1 ,,,нет,не требуется,80 90 85 ,255,3,258,,
155,187-361-092-93,5 ,,,нет,не требуется,78 88 89 ,255,3,258,,
156,165-175-676-90,5 ,,,нет,требуется,76 85 97 ,258,0,258,,
157,184-753-646-10,2 ,,,нет,не требуется,72 93 83 ,248,10,258,,
158,158-331-050-51,4 ,,,нет,требуется,88 80 79 ,247,10,257,,
159,174-829-101-90,3 ,,,нет,требуется,86 90 81 ,257,0,257,,
160,193-924-020-85,4 ,,,нет,не требуется,84 78 95 ,257,0,257,,
161,167-414-761-84,3 ,,,нет,не требуется,84 78 85 ,247,10,257,,
162,186-939-351-38,6 ,,,да,не требуется,82 93 79 ,254,3,257,,Рассматривается к зачислению
163,196-316-482-99,6 ,,,нет,требуется,82 90 75 ,247,10,257,,
164,165-953-653-12,1 ,,,нет,не требуется,80 90 87 ,257,0,257,,
165,187-419-028-98,7 ,,,нет,не требуется,80 90 87 ,257,0,257,,
166,197-163-827-11,3 ,,,нет,требуется,80 88 89 ,257,0,257,,
167,172-033-894-51,1 ,,,нет,не требуется,80 85 82 ,247,10,257,,
168,190-579-741-10,1 ,,,нет,требуется,80 80 97 ,257,0,257,,
169,181-770-763-92,2 ,,,нет,не требуется,76 90 91 ,257,0,257,,
170,143-125-904-28,4 ,,,нет,"требуется, отказано",76 90 89 ,255,2,257,,
171,148-504-486-76,3 ,,,да,требуется,76 80 91 ,247,10,257,,Рассматривается к зачислению
172,195-767-699-59,4 ,,,нет,требуется,76 78 93 ,247,10,257,,
173,173-227-573-67,3 ,,,нет,не требуется,74 90 93 ,257,0,257,,
174,162-911-656-67,6 ,,,нет,требуется,74 80 93 ,247,10,257,,
175,165-667-594-21,5 ,,,да,требуется,72 78 97 ,247,10,257,,Рассматривается к зачислению
176,186-028-636-86,2 ,,,нет,не требуется,72 78 97 ,247,10,257,,
177,181-776-085-00,2 ,,,да,не требуется,86 83 77 ,246,10,256,,Рассматривается к зачислению
178,174-752-139-85,6 ,,,нет,требуется,80 93 83 ,256,0,256,,
179,166-063-590-73,5 ,,,да,не требуется,80 93 73 ,246,10,256,,Рассматривается к зачислению
180,174-850-506-86,5 ,,,нет,требуется,80 85 81 ,246,10,256,,
181,144-998-804-26,5 ,,,нет,требуется,80 83 93 ,256,0,256,,
182,158-695-437-29,5 ,,,нет,не требуется,80 80 93 ,253,3,256,,
183,184-662-029-87,8 ,,,нет,не требуется,80 80 89 ,249,7,256,,
184,191-586-431-00,1 ,,да,да,не требуется,78 85 93 ,256,0,256,,Рассматривается к зачислению
185,179-435-223-99,3 ,,,нет,требуется,76 85 95 ,256,0,256,,
186,184-667-086-15,3 ,,,да,не требуется,74 75 97 ,246,10,256,,Рассматривается к зачислению
187,165-795-988-48,5 ,,,нет,требуется,84 78 93 ,255,0,255,,
188,186-578-792-51,2 ,,,да,не требуется,80 93 82 ,255,0,255,,Рассматривается к зачислению
189,157-414-136-57,5 ,,,нет,требуется,80 88 87 ,255,0,255,,
190,159-733-245-99,2 ,,,нет,требуется,78 90 87 ,255,0,255,,
191,157-708-737-04,3 ,,,нет,требуется,78 78 89 ,245,10,255,,
192,205-360-819-35,5 ,,,нет,требуется,76 90 89 ,255,0,255,,
193,163-959-170-08,2 ,,,нет,требуется,76 80 89 ,245,10,255,,
194,189-178-878-53,1 ,,,нет,не требуется,74 88 93 ,255,0,255,,
195,177-679-907-53,4 ,,,нет,не требуется,74 88 83 ,245,10,255,,
196,179-715-739-29,4 ,,,нет,не требуется,74 80 91 ,245,10,255,,
197,168-104-511-52,4 ,,,нет,требуется,72 95 85 ,252,3,255,,
198,178-968-819-70,1 ,,да,да,не требуется,72 78 95 ,245,10,255,,Рассматривается к зачислению
199,172-122-447-29,3 ,,,нет,требуется,82 85 87 ,254,0,254,,
200,203-933-132-30,3 ,,,нет,не требуется,82 85 87 ,254,0,254,,
201,190-960-382-91,1 ,,,нет,"требуется, отказано",82 75 87 ,244,10,254,,
202,176-582-153-00,1 ,,,нет,требуется,80 67 97 ,244,10,254,,
203,143-668-300-68,9 ,,,нет,требуется,78 85 91 ,254,0,254,,
204,201-487-331-32,4 ,,,нет,не требуется,78 85 81 ,244,10,254,,
205,186-353-413-86,1 ,,,нет,не требуется,76 88 87 ,251,3,254,,
206,175-364-220-73,1 ,,да,да,не требуется,76 85 93 ,254,0,254,,Рассматривается к зачислению
207,205-339-524-44,2 ,,,да,не требуется,76 85 91 ,252,2,254,,Рассматривается к зачислению
208,184-793-251-15,2 ,,,да,не требуется,76 75 93 ,244,10,254,,Рассматривается к зачислению
209,194-340-285-73,6 ,,,нет,требуется,72 90 89 ,251,3,254,,
210,190-643-528-75,5 ,,,нет,не требуется,72 75 97 ,244,10,254,,
211,167-116-463-67,5 ,,,нет,не требуется,88 72 93 ,253,0,253,,
212,204-995-912-95,6 ,,,нет,требуется,84 75 91 ,250,3,253,,
213,137-248-448-73,5 ,,,нет,требуется,78 78 97 ,253,0,253,,
214,167-560-593-00,3 ,,,нет,не требуется,76 90 87 ,253,0,253,,
215,196-983-468-59,2 ,,,нет,требуется,76 72 95 ,243,10,253,,
216,191-596-508-08,7 ,,,нет,не требуется,74 90 89 ,253,0,253,,
217,179-732-105-00,3 ,,,нет,не требуется,74 88 91 ,253,0,253,,
218,158-401-584-67,2 ,,,нет,требуется,72 85 93 ,250,3,253,,
219,159-910-574-02,3 ,,,нет,не требуется,72 83 93 ,248,5,253,,
220,184-293-769-10,6 ,,,нет,не требуется,72 83 93 ,248,5,253,,
221,181-688-399-22,4 ,,,нет,не требуется,68 90 85 ,243,10,253,,
222,159-636-587-23,5 ,,,нет,требуется,88 85 79 ,252,0,252,,
223,166-891-179-20,3 ,,,нет,не требуется,84 85 83 ,252,0,252,,
224,186-185-676-17,5 ,,,да,не требуется,84 83 85 ,252,0,252,,Рассматривается к зачислению
225,162-138-253-42,2 ,,,нет,требуется,78 85 89 ,252,0,252,,
226,179-902-927-26,6 ,,,нет,не требуется,78 85 89 ,252,0,252,,
227,166-205-525-54,6 ,,,нет,не требуется,78 83 91 ,252,0,252,,
228,181-059-213-51,2 ,,,нет,не требуется,76 80 93 ,249,3,252,,
229,175-121-889-68,2 ,,,нет,не требуется,74 90 88 ,252,0,252,,
230,148-549-936-20,3 ,,,нет,не требуется,74 85 83 ,242,10,252,,
231,199-714-750-36,8 ,,,нет,требуется,74 80 91 ,245,7,252,,
232,185-906-854-22,4 ,,,нет,не требуется,72 88 89 ,249,3,252,,
233,173-198-535-94,5 ,,,нет,требуется,72 83 87 ,242,10,252,,
234,200-125-367-82,2 ,,,нет,требуется,72 83 87 ,242,10,252,,
235,178-945-125-25,4 ,,,нет,не требуется,68 85 97 ,250,2,252,,
236,166-450-513-67,5 ,,,да,не требуется,68 83 91 ,242,10,252,,Рассматривается к зачислению
237,190-887-586-32,2 ,,,нет,не требуется,86 88 77 ,251,0,251,,
238,191-475-892-09,3 ,,,да,не требуется,84 83 81 ,248,3,251,,Рассматривается к зачислению
239,178-423-608-92,4 ,,,нет,не требуется,82 80 89 ,251,0,251,,
240,160-157-408-35,5 ,,,нет,не требуется,82 78 91 ,251,0,251,,
241,167-448-783-20,2 ,,,нет,требуется,80 80 91 ,251,0,251,,
242,167-252-394-81,6 ,,,нет,требуется,80 78 93 ,251,0,251,,
243,135-438-103-44,5 ,,,нет,требуется,80 72 89 ,241,10,251,,
244,190-874-964-21,5 ,,,нет,требуется,78 80 93 ,251,0,251,,
245,158-943-590-22,5 ,,,нет,требуется,78 78 85 ,241,10,251,,
246,166-086-345-84,5 ,,,да,требуется,76 95 70 ,241,10,251,,Рассматривается к зачислению
247,155-830-486-80,5 ,,,нет,не требуется,76 88 85 ,249,2,251,,
248,180-098-146-66,5 ,,,нет,не требуется,76 80 95 ,251,0,251,,
249,162-686-202-78,8 ,,,нет,требуется,76 80 85 ,241,10,251,,
250,170-545-255-55,1 ,,,нет,требуется,76 80 85 ,241,10,251,,
251,171-459-597-96,1 ,,,нет,требуется,76 80 85 ,241,10,251,,
252,185-368-831-17,2 ,,,да,не требуется,76 80 85 ,241,10,251,,Рассматривается к зачислению
253,144-641-017-37,1 ,,,нет,требуется,76 78 87 ,241,10,251,,
254,144-744-143-60,4 ,,,нет,не требуется,74 67 100 ,241,10,251,,
255,165-026-933-61,5 ,,,нет,требуется,72 78 91 ,241,10,251,,
256,185-389-421-17,3 ,,,да,требуется,70 93 85 ,248,3,251,,Рассматривается к зачислению
257,181-086-970-84,4 ,,,нет,требуется,68 85 93 ,246,5,251,,
258,181-520-319-39,1 ,,,нет,не требуется,84 85 81 ,250,0,250,,
259,197-877-152-54,1 ,,,нет,не требуется,82 85 83 ,250,0,250,,
260,170-768-973-11,3 ,,,нет,не требуется,82 80 85 ,247,3,250,,
261,158-413-026-55,5 ,,,нет,требуется,82 78 87 ,247,3,250,,
262,186-435-870-10,4 ,,,нет,не требуется,82 75 87 ,244,6,250,,
263,197-734-483-32,6 ,,,нет,не требуется,78 85 87 ,250,0,250,,
264,165-972-819-22,4 ,,,нет,требуется,78 75 87 ,240,10,250,,
265,184-785-915-35,4 ,,,да,не требуется,76 83 91 ,250,0,250,,Рассматривается к зачислению
266,204-931-271-39,3 ,,,да,требуется,76 83 91 ,250,0,250,,Рассматривается к зачислению
267,168-806-405-00,2 ,,,да,не требуется,76 80 91 ,247,3,250,,Рассматривается к зачислению
268,182-757-960-19,1 ,,,нет,требуется,74 95 81 ,250,0,250,,
269,172-230-246-25,2 ,,да,да,не требуется,74 85 91 ,250,0,250,,Рассматривается к зачислению
270,179-905-880-40,3 ,,,нет,не требуется,74 83 93 ,250,0,250,,
271,165-164-051-54,3 ,,,да,не требуется,74 83 83 ,240,10,250,,Рассматривается к зачислению
272,154-214-437-34,3 ,,,да,не требуется,74 80 93 ,247,3,250,,Рассматривается к зачислению
273,158-940-199-07,2 ,,,нет,требуется,70 83 87 ,240,10,250,,
274,175-240-581-63,5 ,,,нет,требуется,70 83 87 ,240,10,250,,
275,188-355-653-21,5 ,,,да,не требуется,70 80 95 ,245,5,250,,Рассматривается к зачислению
276,204-078-115-22,7 ,,,нет,не требуется,86 78 85 ,249,0,249,,
277,165-575-238-96,4 ,,,нет,требуется,80 83 81 ,244,5,249,,
278,184-400-646-56,1 ,,да,да,не требуется,80 78 91 ,249,0,249,,Рассматривается к зачислению
279,166-200-223-23,4 ,,,нет,не требуется,78 88 83 ,249,0,249,,
280,171-990-043-81,2 ,,,нет,требуется,78 88 81 ,247,2,249,,
281,160-516-977-63,4 ,,,нет,требуется,78 83 85 ,246,3,249,,
282,164-711-784-76,4 ,,,нет,не требуется,78 83 85 ,246,3,249,,
283,195-770-352-12,2 ,,да,да,не требуется,78 83 85 ,246,3,249,,Рассматривается к зачислению
284,209-331-520-36,5 ,,,нет,требуется,76 83 87 ,246,3,249,,
285,164-764-583-05,3 ,,,нет,не требуется,76 80 93 ,249,0,249,,
286,175-644-843-05,8 ,,,нет,не требуется,74 80 95 ,249,0,249,,
287,186-814-455-09,1 ,,да,да,не требуется,74 78 87 ,239,10,249,,Рассматривается к зачислению
288,158-896-287-49,3 ,,,нет,не требуется,72 80 97 ,249,0,249,,
289,144-629-033-59,2 ,,,нет,требуется,72 70 97 ,239,10,249,,
290,137-126-412-37,4 ,,,нет,требуется,70 88 91 ,249,0,249,,
291,186-785-652-45,2 ,,,нет,не требуется,70 80 91 ,241,8,249,,
292,135-477-698-98,1 ,,,нет,требуется,70 80 89 ,239,10,249,,
293,185-388-078-18,6 ,,,нет,не требуется,84 78 83 ,245,3,248,,
294,193-239-574-97,5 ,,,нет,не требуется,82 85 81 ,248,0,248,,
295,188-535-066-10,1 ,,,нет,не требуется,82 75 81 ,238,10,248,,
296,164-802-766-79,7 ,,,нет,требуется,80 75 93 ,248,0,248,,
297,171-104-725-23,2 ,,,нет,не требуется,78 85 85 ,248,0,248,,
298,157-274-958-04,5 ,,,нет,требуется,78 83 87 ,248,0,248,,
299,149-848-254-22,5 ,,,нет,требуется,78 83 77 ,238,10,248,,
300,167-032-250-44,5 ,,,да,требуется,78 83 77 ,238,10,248,,Рассматривается к зачислению
301,169-443-894-20,5 ,,,нет,требуется,78 80 90 ,248,0,248,,
302,148-749-466-23,3 ,,,нет,не требуется,78 70 100 ,248,0,248,,
303,171-138-576-59,4 ,,,нет,требуется,78 67 93 ,238,10,248,,
304,149-542-992-07,5 ,,,нет,не требуется,76 75 87 ,238,10,248,,
305,192-825-020-76,5 ,,,нет,требуется,76 75 87 ,238,10,248,,
306,197-641-211-98,2 ,,,нет,требуется,74 80 94 ,248,0,248,,
307,203-490-112-14,3 ,,,нет,требуется,74 78 93 ,245,3,248,,
308,139-463-936-00,1 ,,,нет,требуется,72 93 83 ,248,0,248,,Преим. право
309,154-849-891-22,4 ,,,нет,требуется,72 85 91 ,248,0,248,,
310,192-586-672-21,5 ,,,да,не требуется,72 83 93 ,248,0,248,,Рассматривается к зачислению
311,187-299-098-39,2 ,,,нет,не требуется,72 75 91 ,238,10,248,,
312,209-799-365-28,2 ,,,нет,не требуется,70 75 93 ,238,10,248,,
313,158-662-961-17,3 ,,,нет,не требуется,82 75 87 ,244,3,247,,
314,146-121-300-11,7 ,,,нет,требуется,80 90 77 ,247,0,247,,
315,183-851-350-89,4 ,,,да,не требуется,80 80 87 ,247,0,247,,Рассматривается к зачислению
316,175-394-789-23,1 ,,,нет,требуется,78 88 81 ,247,0,247,,
317,208-967-867-27,4 ,,,нет,требуется,78 88 81 ,247,0,247,,
318,166-479-756-29,3 ,,да,да,не требуется,78 80 89 ,247,0,247,,Рассматривается к зачислению
319,150-194-054-29,3 ,,,нет,требуется,78 72 97 ,247,0,247,,
320,151-517-642-46,3 ,,,нет,не требуется,76 88 83 ,247,0,247,,
321,138-383-511-76,2 ,,,нет,требуется,76 83 85 ,244,3,247,,
322,163-358-294-80,3 ,,,нет,не требуется,76 78 93 ,247,0,247,,
323,184-451-975-99,5 ,,,нет,не требуется,72 78 87 ,237,10,247,,
324,190-773-511-87,5 ,,,нет,не требуется,72 78 87 ,237,10,247,,
325,166-230-311-37,3 ,,,нет,не требуется,70 88 89 ,247,0,247,,
326,168-041-970-77,3 ,,,нет,требуется,68 83 93 ,244,3,247,,
327,160-779-305-83,4 ,,,нет,требуется,86 78 79 ,243,3,246,,
328,186-443-382-97,1 ,,,нет,не требуется,80 75 81 ,236,10,246,,
329,180-387-205-69,2 ,,,нет,не требуется,80 70 93 ,243,3,246,,
330,157-126-198-66,5 ,,,нет,требуется,78 83 85 ,246,0,246,,
331,166-704-952-95,5 ,,,нет,требуется,76 93 77 ,246,0,246,,
332,149-451-057-73,5 ,,,нет,не требуется,76 80 90 ,246,0,246,,
333,181-157-508-61,3 ,,,нет,не требуется,76 75 95 ,246,0,246,,
334,199-561-257-29,3 ,,,нет,не требуется,76 67 93 ,236,10,246,,
335,158-116-854-77,2 ,,,нет,требуется,72 80 91 ,243,3,246,,
336,169-393-005-99,5 ,,,да,не требуется,72 75 89 ,236,10,246,,Рассматривается к зачислению
337,184-901-739-94,2 ,,,нет,не требуется,70 85 89 ,244,2,246,,
338,187-196-790-34,2 ,,,нет,не требуется,70 83 93 ,246,0,246,,
339,180-070-169-31,6 ,,,нет,не требуется,70 78 95 ,243,3,246,,
340,185-573-165-03,4 ,,,нет,не требуется,90 83 72 ,245,0,245,,
341,182-876-977-40,9 ,,,нет,не требуется,82 90 73 ,245,0,245,,
342,178-014-649-76,2 ,,,нет,не требуется,78 64 93 ,235,10,245,,
343,194-110-545-47,3 ,,,нет,не требуется,76 80 89 ,245,0,245,,
344,144-869-273-04,3 ,,,нет,требуется,76 78 91 ,245,0,245,,
345,164-770-260-79,3 ,,,нет,не требуется,76 78 81 ,235,10,245,,
346,163-906-386-86,4 ,,,нет,не требуется,76 75 91 ,242,3,245,,
347,165-607-845-92,1 ,,,нет,не требуется,76 72 87 ,235,10,245,,
348,175-175-909-96,3 ,,,нет,требуется,74 78 91 ,243,2,245,,
349,140-214-512-93,8 ,,,нет,не требуется,74 75 93 ,242,3,245,,
350,179-433-597-17,1 ,,да,да,не требуется,74 72 89 ,235,10,245,,Рассматривается к зачислению
351,181-939-620-05,4 ,,,нет,не требуется,72 90 83 ,245,0,245,,
352,169-535-885-28,4 ,,,нет,не требуется,72 83 87 ,242,3,245,,
353,190-564-363-80,2 ,,,нет,не требуется,72 78 85 ,235,10,245,,
354,154-307-152-37,5 ,,,нет,не требуется,72 75 95 ,242,3,245,,
355,167-392-261-95,1 ,,,нет,не требуется,70 80 95 ,245,0,245,,
356,185-751-466-07,2 ,,,нет,"требуется, отказано",70 80 85 ,235,10,245,,
357,153-414-540-37,7 ,,,нет,не требуется,70 78 87 ,235,10,245,,Преим. право
358,165-212-107-26,2 ,,,нет,не требуется,68 88 89 ,245,0,245,,
359,183-735-961-09,3 ,,,нет,не требуется,68 88 89 ,245,0,245,,
360,185-914-978-30,2 ,,,нет,не требуется,68 78 89 ,235,10,245,,
361,165-298-016-88,3 ,,,нет,требуется,92 80 70 ,242,2,244,,
362,170-269-308-59,3 ,,,нет,требуется,80 83 81 ,244,0,244,,
363,173-316-122-41,1 ,,,нет,не требуется,80 83 81 ,244,0,244,,
364,173-426-427-66,4 ,,,нет,не требуется,78 93 73 ,244,0,244,,
365,204-217-504-09,2 ,,,нет,требуется,78 88 78 ,244,0,244,,
366,180-317-367-51,2 ,,,нет,не требуется,76 75 83 ,234,10,244,,
367,159-285-001-84,5 ,,,да,требуется,74 95 75 ,244,0,244,,Рассматривается к зачислению
368,176-620-991-98,2 ,,,нет,требуется,74 83 87 ,244,0,244,,
369,185-755-487-28,4 ,,,да,не требуется,74 75 85 ,234,10,244,,Рассматривается к зачислению
370,165-253-515-62,9 ,,,нет,требуется,86 78 79 ,243,0,243,,
371,169-860-405-13,3 ,,,нет,требуется,80 88 72 ,240,3,243,,
372,169-725-419-13,4 ,,,нет,требуется,80 80 83 ,243,0,243,,
373,172-423-344-45,2 ,,,нет,не требуется,78 88 77 ,243,0,243,,
374,170-304-116-09,3 ,,,да,не требуется,78 83 79 ,240,3,243,,Рассматривается к зачислению
375,184-093-736-90,3 ,,,нет,не требуется,78 78 87 ,243,0,243,,
376,163-890-236-88,3 ,,,нет,не требуется,78 70 95 ,243,0,243,,
377,189-092-339-11,3 ,,,нет,не требуется,74 80 79 ,233,10,243,,
378,156-383-272-82,1 ,,,нет,требуется,72 85 83 ,240,3,243,,
379,164-627-161-74,6 ,,,нет,требуется,72 78 83 ,233,10,243,,
380,171-743-981-89,3 ,,,нет,не требуется,72 78 83 ,233,10,243,,
381,157-899-549-57,1 ,,,нет,не требуется,72 72 89 ,233,10,243,,
382,169-289-498-44,4 ,,,нет,"требуется, отказано",80 83 79 ,242,0,242,,
383,172-976-943-28,5 ,,,нет,требуется,80 75 87 ,242,0,242,,
384,186-165-683-06,1 ,,,нет,не требуется,78 83 81 ,242,0,242,,
385,191-412-940-59,2 ,,,нет,не требуется,74 83 85 ,242,0,242,,
386,182-759-698-32,5 ,,,нет,не требуется,74 78 87 ,239,3,242,,
387,181-053-927-54,5 ,,,нет,не требуется,72 83 87 ,242,0,242,,
388,164-605-676-78,4 ,,,нет,не требуется,70 85 87 ,242,0,242,,
389,142-496-881-88,3 ,,,нет,не требуется,70 83 79 ,232,10,242,,
390,173-494-707-98,4 ,,,нет,не требуется,70 75 87 ,232,10,242,,
391,158-226-458-80,4 ,,,нет,не требуется,84 67 87 ,238,3,241,,
392,158-483-449-08,4 ,,,нет,требуется,80 78 83 ,241,0,241,,
393,203-218-685-26,1 ,,,нет,не требуется,78 78 85 ,241,0,241,,
394,137-127-516-48,4 ,,,нет,не требуется,78 75 88 ,241,0,241,,
395,173-192-559-78,4 ,,,нет,не требуется,78 75 81 ,234,7,241,,Преим. право
396,149-122-457-56,3 ,,,нет,не требуется,76 80 83 ,239,2,241,,
397,184-294-417-94,4 ,,,нет,не требуется,76 80 83 ,239,2,241,,
398,137-024-456-35,8 ,,,нет,требуется,74 80 87 ,241,0,241,,
399,182-764-799-21,2 ,,,нет,не требуется,74 78 89 ,241,0,241,,
400,191-122-304-24,5 ,,,нет,не требуется,74 70 97 ,241,0,241,,
401,167-794-393-37,3 ,,,нет,не требуется,72 75 89 ,236,5,241,,
402,164-530-985-77,3 ,,,нет,требуется,72 72 87 ,231,10,241,,
403,184-743-694-13,3 ,,,да,не требуется,70 80 91 ,241,0,241,,Рассматривается к зачислению
404,175-324-242-59,3 ,,,да,не требуется,70 78 93 ,241,0,241,,Рассматривается к зачислению
405,181-340-889-66,2 ,,,нет,не требуется,68 70 100 ,238,3,241,,
406,185-768-227-27,5 ,,,нет,не требуется,66 78 97 ,241,0,241,,
407,162-376-697-90,2 ,,,нет,требуется,64 83 87 ,234,7,241,,
408,179-819-776-56,1 ,,,нет,не требуется,90 67 83 ,240,0,240,,
409,168-655-895-39,3 ,,,нет,требуется,78 83 79 ,240,0,240,,
410,190-573-935-95,2 ,,,нет,не требуется,78 75 87 ,240,0,240,,
411,171-950-093-71,4 ,,,нет,не требуется,76 85 79 ,240,0,240,,
412,178-671-675-31,2 ,,,нет,не требуется,74 67 95 ,236,4,240,,
413,186-284-284-07,3 ,,,нет,не требуется,72 88 77 ,237,3,240,,
414,151-145-202-09,3 ,,,нет,не требуется,72 83 85 ,240,0,240,,
415,149-789-860-56,2 ,,,нет,не требуется,72 75 83 ,230,10,240,,
416,186-821-188-02,1 ,,,нет,не требуется,72 75 83 ,230,10,240,,
417,166-479-737-26,3 ,,,да,не требуется,66 83 91 ,240,0,240,,Рассматривается к зачислению
418,164-342-369-60,3 ,,,нет,требуется,82 85 72 ,239,0,239,,
419,185-307-525-77,6 ,,,нет,не требуется,78 78 83 ,239,0,239,,
420,160-386-223-51,4 ,,,нет,требуется,78 75 83 ,236,3,239,,
421,181-012-965-36,2 ,,да,да,не требуется,78 72 89 ,239,0,239,,Рассматривается к зачислению
422,177-661-267-07,3 ,,,нет,не требуется,76 80 83 ,239,0,239,,
423,151-922-074-45,2 ,,,нет,"требуется, отказано",72 78 89 ,239,0,239,,
424,177-682-202-04,5 ,,,да,требуется,70 88 81 ,239,0,239,,Рассматривается к зачислению
425,184-013-091-36,2 ,,,нет,не требуется,70 85 81 ,236,3,239,,
426,185-830-081-87,4 ,,,да,не требуется,70 80 89 ,239,0,239,,Рассматривается к зачислению
427,177-315-754-91,5 ,,,нет,требуется,70 72 87 ,229,10,239,,
428,186-285-757-23,6 ,,,нет,не требуется,70 64 95 ,229,10,239,,
429,143-009-578-34,2 ,,,нет,требуется,68 85 83 ,236,3,239,,
430,152-102-299-09,3 ,,,нет,не требуется,64 78 95 ,237,2,239,,
431,173-722-567-79,2 ,,,нет,не требуется,84 85 66 ,235,3,238,,
432,179-392-763-33,4 ,,,нет,не требуется,80 67 91 ,238,0,238,,
433,159-434-961-05,3 ,,,нет,требуется,78 88 72 ,238,0,238,,
434,170-074-021-20,4 ,,,нет,не требуется,76 85 77 ,238,0,238,,
435,180-856-597-08,3 ,,,да,не требуется,76 75 77 ,228,10,238,,Рассматривается к зачислению
436,160-031-654-07,4 ,,,нет,требуется,70 88 77 ,235,3,238,,
437,164-427-182-67,3 ,,,нет,требуется,70 85 83 ,238,0,238,,
438,168-802-668-05,5 ,,,нет,не требуется,70 85 73 ,228,10,238,,
439,159-605-366-94,5 ,,,нет,требуется,70 83 83 ,236,2,238,,
440,184-208-384-73,5 ,,,нет,не требуется,70 80 85 ,235,3,238,,
441,171-785-027-84,3 ,,,нет,не требуется,70 78 87 ,235,3,238,,
442,165-973-138-08,2 ,,,нет,не требуется,70 78 85 ,233,5,238,,
443,165-831-278-86,5 ,,,нет,не требуется,70 75 83 ,228,10,238,,
444,190-194-654-79,5 ,,,да,"требуется, отказано",68 83 87 ,238,0,238,,Рассматривается к зачислению
445,195-329-985-26,2 ,,,нет,не требуется,68 75 85 ,228,10,238,,
446,169-188-947-38,3 ,,да,да,не требуется,80 80 77 ,237,0,237,,Рассматривается к зачислению
447,165-805-990-03,5 ,,,нет,требуется,78 70 89 ,237,0,237,,
448,177-653-398-20,3 ,,,нет,не требуется,76 70 91 ,237,0,237,,Преим. право
449,201-730-674-17,2 ,,,нет,не требуется,76 70 91 ,237,0,237,,
450,188-577-896-68,4 ,,,нет,не требуется,74 80 83 ,237,0,237,,
451,191-922-905-91,5 ,,,да,не требуется,74 70 83 ,227,10,237,,Рассматривается к зачислению
452,156-698-526-27,6 ,,,нет,не требуется,72 78 87 ,237,0,237,,
453,187-281-417-98,5 ,,,нет,не требуется,68 78 91 ,237,0,237,,
454,139-567-561-10,1 ,,да,да,не требуется,68 78 81 ,227,10,237,,Рассматривается к зачислению
455,179-959-905-73,5 ,,,нет,не требуется,68 75 91 ,234,3,237,,Преим. право
456,186-399-581-44,5 ,,,нет,не требуется,78 75 83 ,236,0,236,,
457,208-072-299-49,2 ,,,да,не требуется,74 80 79 ,233,3,236,,Рассматривается к зачислению
458,190-362-162-53,4 ,,,нет,не требуется,74 75 87 ,236,0,236,,
459,197-232-984-10,3 ,,,нет,требуется,72 67 87 ,226,10,236,,
460,164-884-654-19,2 ,,да,да,не требуется,70 75 81 ,226,10,236,,Рассматривается к зачислению
461,198-311-665-98,3 ,,,да,не требуется,68 85 83 ,236,0,236,,Рассматривается к зачислению
462,187-601-923-95,2 ,,,нет,не требуется,68 78 85 ,231,5,236,,
463,187-100-997-79,5 ,,,нет,не требуется,66 78 87 ,231,5,236,,
464,165-249-816-91,2 ,,,нет,не требуется,66 72 93 ,231,5,236,,
465,142-553-877-66,5 ,,,да,не требуется,80 80 75 ,235,0,235,,Рассматривается к зачислению
466,168-073-208-73,2 ,,да,да,не требуется,80 70 75 ,225,10,235,,Рассматривается к зачислениюПреим. право
467,158-861-640-11,2 ,,,нет,требуется,76 70 89 ,235,0,235,,
468,166-390-620-83,5 ,,,да,не требуется,74 83 75 ,232,3,235,,Рассматривается к зачислению
469,170-952-013-56,1 ,,,нет,не требуется,74 62 93 ,229,6,235,,
470,165-249-801-84,6 ,,,нет,не требуется,72 80 73 ,225,10,235,,
471,182-391-556-84,1 ,,да,да,"требуется, отказано",72 72 81 ,225,10,235,,Рассматривается к зачислению
472,205-033-650-07,9 ,,,нет,требуется,70 80 85 ,235,0,235,,
473,179-623-271-05,3 ,,,нет,не требуется,78 78 73 ,229,5,234,,
474,204-062-934-20,1 ,,,нет,требуется,76 83 75 ,234,0,234,,
475,157-048-389-83,5 ,,,нет,не требуется,74 88 72 ,234,0,234,,
476,158-675-862-32,8 ,,,нет,требуется,74 75 85 ,234,0,234,,
477,185-878-126-34,2 ,,,нет,требуется,74 59 91 ,224,10,234,,
478,182-235-813-62,2 ,,,нет,не требуется,72 85 77 ,234,0,234,,
479,161-977-043-91,2 ,,,нет,не требуется,66 83 75 ,224,10,234,,
480,185-260-837-86,4 ,,,нет,не требуется,64 83 87 ,234,0,234,,
481,158-479-280-20,4 ,,,нет,требуется,86 78 69 ,233,0,233,,
482,159-605-128-82,5 ,,,нет,требуется,80 75 75 ,230,3,233,,
483,169-579-052-31,2 ,,,нет,не требуется,76 78 79 ,233,0,233,,
484,179-944-220-26,2 ,,,нет,не требуется,76 72 85 ,233,0,233,,
485,186-260-379-88,3 ,,,нет,не требуется,76 72 85 ,233,0,233,,
486,209-332-123-31,4 ,,,да,не требуется,74 80 79 ,233,0,233,,Рассматривается к зачислению
487,173-464-529-83,5 ,,,нет,не требуется,72 70 81 ,223,10,233,,
488,178-969-932-74,1 ,,,нет,не требуется,68 78 87 ,233,0,233,,
489,174-412-100-32,2 ,,,нет,требуется,66 88 69 ,223,10,233,,
490,203-272-098-19,2 ,,,нет,требуется,80 72 77 ,229,3,232,,
491,171-107-679-46,2 ,,да,да,не требуется,76 80 73 ,229,3,232,,Рассматривается к зачислениюПреим. право
492,157-568-107-99,2 ,,,нет,требуется,74 88 70 ,232,0,232,,
493,187-059-501-98,4 ,,,нет,не требуется,72 75 79 ,226,6,232,,
494,188-145-587-11,4 ,,,нет,не требуется,70 83 79 ,232,0,232,,
495,178-326-156-91,3 ,,,нет,требуется,70 78 81 ,229,3,232,,
496,192-780-573-07,2 ,,,нет,требуется,70 70 89 ,229,3,232,,
497,158-874-636-32,1 ,,,нет,требуется,70 67 85 ,222,10,232,,
498,170-934-360-70,3 ,,,нет,не требуется,68 85 69 ,222,10,232,,
499,192-509-275-85,2 ,,,нет,не требуется,68 78 83 ,229,3,232,,
500,181-491-490-82,1 ,,да,да,не требуется,66 80 83 ,229,3,232,,Рассматривается к зачислению
501,205-541-014-12,5 ,,,нет,требуется,66 80 83 ,229,3,232,,
502,208-955-612-94,3 ,,,нет,не требуется,66 70 93 ,229,3,232,,
503,198-074-684-24,3 ,,,нет,не требуется,64 85 83 ,232,0,232,,
504,184-987-240-35,5 ,,,нет,не требуется,64 78 87 ,229,3,232,,
505,167-472-492-03,6 ,,,нет,не требуется,84 78 69 ,231,0,231,,
506,177-578-659-46,5 ,,,нет,не требуется,82 56 93 ,231,0,231,,
507,208-961-362-84,1 ,,,нет,требуется,80 72 79 ,231,0,231,,
508,175-206-249-58,3 ,,,нет,требуется,80 70 81 ,231,0,231,,
509,182-651-886-97,4 ,,,нет,требуется,78 70 83 ,231,0,231,,
510,166-186-748-04,3 ,,,нет,не требуется,76 72 83 ,231,0,231,,
511,138-501-454-48,2 ,,,нет,требуется,76 70 85 ,231,0,231,,
512,166-997-114-33,2 ,,,нет,не требуется,74 90 64 ,228,3,231,,
513,201-875-974-72,1 ,,,нет,не требуется,70 80 81 ,231,0,231,,
514,165-840-780-96,5 ,,,нет,требуется,70 70 91 ,231,0,231,,Преим. право
515,206-678-662-94,4 ,,,нет,не требуется,68 80 83 ,231,0,231,,
516,172-215-778-58,2 ,,,нет,не требуется,66 80 85 ,231,0,231,,
517,187-017-456-82,5 ,,,нет,не требуется,78 64 85 ,227,3,230,,
518,187-533-556-08,3 ,,,нет,требуется,76 70 84 ,230,0,230,,
519,190-905-707-82,5 ,,,да,не требуется,76 70 81 ,227,3,230,,Рассматривается к зачислению
520,184-401-093-49,5 ,,,да,не требуется,76 62 85 ,223,7,230,,Рассматривается к зачислению
521,190-665-763-01,1 ,,,нет,не требуется,72 75 83 ,230,0,230,,Преим. право
522,181-077-503-60,1 ,,,нет,не требуется,72 75 83 ,230,0,230,,
523,187-244-730-96,2 ,,,нет,не требуется,72 70 85 ,227,3,230,,
524,190-312-759-51,1 ,,да,да,"требуется, отказано",70 70 87 ,227,3,230,,Рассматривается к зачислению
525,160-789-342-93,2 ,,,нет,требуется,70 67 93 ,230,0,230,,
526,186-798-643-61,2 ,,,нет,не требуется,68 83 79 ,230,0,230,,
527,184-518-188-94,5 ,,,нет,требуется,68 75 87 ,230,0,230,,
528,205-113-057-93,6 ,,,нет,не требуется,68 70 89 ,227,3,230,,
529,209-331-080-33,4 ,,,да,не требуется,66 75 89 ,230,0,230,,Рассматривается к зачислению
530,194-770-136-00,3 ,,,да,не требуется,64 88 73 ,225,5,230,,Рассматривается к зачислению
531,187-108-185-83,2 ,,,нет,не требуется,80 70 79 ,229,0,229,,
532,201-402-972-00,1 ,,,нет,не требуется,76 70 83 ,229,0,229,,
533,201-880-505-32,3 ,,,нет,не требуется,76 70 83 ,229,0,229,,
534,195-383-168-07,2 ,,,нет,"требуется, отказано",74 62 93 ,229,0,229,,
535,166-243-528-69,5 ,,,нет,не требуется,72 72 85 ,229,0,229,,
536,186-773-166-23,2 ,,,нет,не требуется,70 90 69 ,229,0,229,,
537,178-948-447-52,3 ,,,нет,не требуется,70 83 73 ,226,3,229,,
538,177-896-996-80,3 ,,,нет,не требуется,70 70 89 ,229,0,229,,
539,172-801-638-62,3 ,,,нет,не требуется,66 78 85 ,229,0,229,,
540,151-201-428-96,3 ,,да,да,не требуется,64 70 95 ,229,0,229,,Рассматривается к зачислению
541,179-788-219-57,4 ,,,нет,не требуется,76 75 77 ,228,0,228,,
542,164-641-325-62,1 ,,,нет,не требуется,74 75 79 ,228,0,228,,
543,184-176-141-77,2 ,,,нет,не требуется,70 75 83 ,228,0,228,,
544,188-170-758-07,4 ,,,да,не требуется,70 75 83 ,228,0,228,,Рассматривается к зачислению
545,179-828-788-61,1 ,,,нет,не требуется,70 70 81 ,221,7,228,,
546,182-668-236-01,1 ,,,да,не требуется,68 75 85 ,228,0,228,,Рассматривается к зачислению
547,187-164-190-94,8 ,,,нет,не требуется,68 75 85 ,228,0,228,,
548,160-261-134-15,3 ,,,нет,не требуется,66 67 95 ,228,0,228,,
549,163-271-137-44,6 ,,,нет,требуется,74 70 83 ,227,0,227,,
550,160-125-536-19,1 ,,,нет,требуется,72 85 70 ,227,0,227,,
551,174-698-950-41,2 ,,,да,требуется,70 80 77 ,227,0,227,,Рассматривается к зачислению
552,173-972-548-12,5 ,,,да,не требуется,70 72 85 ,227,0,227,,Рассматривается к зачислению
553,202-383-448-29,1 ,,,нет,"требуется, отказано",70 72 85 ,227,0,227,,
554,175-057-445-77,3 ,,,нет,не требуется,70 67 85 ,222,5,227,,
555,191-983-816-24,2 ,,,нет,не требуется,68 80 79 ,227,0,227,,
556,168-822-800-01,1 ,,,да,не требуется,68 78 81 ,227,0,227,,Рассматривается к зачислению
557,178-466-569-33,2 ,,,нет,не требуется,68 78 81 ,227,0,227,,
558,155-686-270-02,3 ,,,нет,не требуется,78 75 70 ,223,3,226,,
559,195-819-952-42,1 ,,,нет,не требуется,76 80 70 ,226,0,226,,
560,191-331-216-38,1 ,,,да,не требуется,70 80 66 ,216,10,226,,Рассматривается к зачислению
561,184-350-535-69,2 ,,,нет,не требуется,70 78 70 ,218,8,226,,
562,173-547-174-84,3 ,,,да,не требуется,66 78 79 ,223,3,226,,Рассматривается к зачислению
563,161-323-783-43,1 ,,,да,не требуется,66 75 85 ,226,0,226,,Рассматривается к зачислению
564,141-909-683-74,5 ,,,нет,не требуется,58 83 85 ,226,0,226,,Преим. право
565,208-965-027-88,3 ,,,нет,требуется,72 72 81 ,225,0,225,,
566,167-329-349-95,2 ,,,нет,требуется,72 67 81 ,220,5,225,,
567,175-408-512-74,4 ,,,нет,требуется,70 78 77 ,225,0,225,,
568,183-405-902-66,1 ,,,нет,не требуется,70 67 85 ,222,3,225,,
569,134-394-974-84,1 ,,,да,требуется,66 78 81 ,225,0,225,,Рассматривается к зачислениюПреим. право
570,184-053-316-54,2 ,,,да,не требуется,64 78 83 ,225,0,225,,Рассматривается к зачислению
571,175-206-480-63,4 ,,,нет,требуется,88 72 64 ,224,0,224,,
572,173-497-035-93,1 ,,,нет,не требуется,72 75 77 ,224,0,224,,
573,158-516-983-08,4 ,,,нет,не требуется,84 78 61 ,223,0,223,,
574,181-720-933-67,1 ,,,нет,не требуется,78 70 75 ,223,0,223,,
575,203-576-573-59,1 ,,,нет,"требуется, отказано",76 70 77 ,223,0,223,,
576,179-601-891-09,2 ,,,нет,не требуется,74 54 85 ,213,10,223,,
577,186-963-935-47,2 ,,,нет,не требуется,72 78 73 ,223,0,223,,
578,193-694-489-34,1 ,,,нет,не требуется,70 70 83 ,223,0,223,,
579,195-530-155-78,3 ,,,нет,не требуется,70 70 83 ,223,0,223,,
580,173-883-248-06,5 ,,,нет,требуется,68 85 70 ,223,0,223,,
581,173-717-176-83,4 ,,,нет,требуется,68 80 75 ,223,0,223,,
582,180-070-125-19,1 ,,,нет,не требуется,68 75 77 ,220,3,223,,
583,184-176-161-81,2 ,,,нет,не требуется,66 72 85 ,223,0,223,,
584,187-213-045-63,4 ,,,нет,не требуется,66 72 85 ,223,0,223,,
585,185-528-654-10,3 ,,,нет,не требуется,80 70 72 ,222,0,222,,
586,208-986-936-29,2 ,,,нет,не требуется,80 59 83 ,222,0,222,,
587,173-380-542-68,5 ,,,нет,требуется,78 72 69 ,219,3,222,,
588,208-954-567-01,9 ,,,нет,требуется,72 67 83 ,222,0,222,,
589,149-558-100-93,3 ,,,нет,не требуется,66 75 79 ,220,2,222,,Преим. право
590,155-466-420-77,1 ,,,нет,не требуется,72 80 69 ,221,0,221,,
591,189-325-724-11,3 ,,,нет,не требуется,72 80 69 ,221,0,221,,
592,165-460-192-68,5 ,,,нет,не требуется,72 72 77 ,221,0,221,,
593,157-300-177-39,4 ,,,нет,требуется,70 90 61 ,221,0,221,,
594,164-883-283-08,2 ,,,нет,не требуется,70 72 79 ,221,0,221,,
595,169-309-817-05,4 ,,,нет,не требуется,68 80 66 ,214,7,221,,
596,184-693-351-12,4 ,,,нет,не требуется,68 70 83 ,221,0,221,,
597,151-642-289-50,3 ,,,нет,не требуется,66 80 75 ,221,0,221,,
598,150-746-339-58,1 ,,,нет,требуется,64 78 79 ,221,0,221,,
599,191-316-547-64,1 ,,,нет,не требуется,64 70 87 ,221,0,221,,
600,196-082-794-12,3 ,,,нет,не требуется,72 70 78 ,220,0,220,,
601,185-593-988-44,3 ,,,нет,не требуется,70 75 75 ,220,0,220,,
602,172-096-496-83,3 ,,,нет,не требуется,66 85 66 ,217,3,220,,
603,136-517-315-53,3 ,,,нет,требуется,66 80 70 ,216,4,220,,Преим. право
604,154-199-177-87,1 ,,,нет,не требуется,66 62 89 ,217,3,220,,Преим. право
605,201-606-614-08,3 ,,,да,не требуется,64 83 73 ,220,0,220,,Рассматривается к зачислению
606,167-617-429-99,3 ,,,да,не требуется,64 75 81 ,220,0,220,,Рассматривается к зачислению
607,169-356-514-06,4 ,,,нет,требуется,80 72 67 ,219,0,219,,
608,170-378-970-90,1 ,,,нет,не требуется,78 54 87 ,219,0,219,,
609,169-381-744-13,3 ,,,нет,не требуется,72 75 72 ,219,0,219,,
610,185-175-246-88,3 ,,,нет,не требуется,70 70 79 ,219,0,219,,
611,181-649-722-98,3 ,,,да,не требуется,68 70 81 ,219,0,219,,Рассматривается к зачислению
612,204-126-247-06,1 ,,,нет,не требуется,68 64 87 ,219,0,219,,
613,188-939-079-55,2 ,,,нет,не требуется,66 72 81 ,219,0,219,,
614,143-601-331-17,1 ,,,нет,не требуется,66 62 91 ,219,0,219,,
615,200-905-644-21,5 ,,,нет,не требуется,66 56 97 ,219,0,219,,
616,169-212-559-78,2 ,,,нет,требуется,64 80 73 ,217,2,219,,
617,181-099-100-63,3 ,,,нет,не требуется,64 72 83 ,219,0,219,,
618,170-653-464-65,2 ,,,нет,не требуется,74 72 72 ,218,0,218,,
619,175-646-565-10,3 ,,,нет,"требуется, отказано",72 80 66 ,218,0,218,,
620,142-949-407-83,5 ,,,нет,требуется,70 67 81 ,218,0,218,,
621,184-345-213-69,5 ,,,нет,не требуется,70 62 83 ,215,3,218,,
622,157-618-931-03,2 ,,,нет,требуется,68 78 63 ,209,9,218,,
623,179-668-470-50,4 ,,,нет,не требуется,68 70 77 ,215,3,218,,
624,179-834-200-11,3 ,,,нет,требуется,66 70 79 ,215,3,218,,
625,169-106-200-55,3 ,,,нет,не требуется,74 70 73 ,217,0,217,,
626,165-536-092-80,2 ,,,да,не требуется,72 67 75 ,214,3,217,,Рассматривается к зачислению
627,159-379-670-31,1 ,,,нет,не требуется,70 70 77 ,217,0,217,,
628,165-458-094-94,3 ,,,нет,требуется,70 62 85 ,217,0,217,,
629,163-577-541-94,4 ,,,нет,не требуется,68 72 77 ,217,0,217,,
630,177-531-298-94,4 ,,,нет,требуется,66 70 81 ,217,0,217,,
631,171-857-278-00,4 ,,,да,не требуется,58 78 81 ,217,0,217,,Рассматривается к зачислению
632,178-035-764-92,7 ,,,нет,не требуется,58 75 79 ,212,5,217,,
633,166-124-819-65,4 ,,,нет,требуется,52 70 95 ,217,0,217,,
634,165-410-233-35,3 ,,,нет,не требуется,76 56 81 ,213,3,216,,
635,140-015-336-87,5 ,,,нет,не требуется,72 80 64 ,216,0,216,,
636,180-747-524-85,5 ,,,да,требуется,70 80 66 ,216,0,216,,Рассматривается к зачислению
637,193-289-149-08,1 ,,,да,не требуется,70 67 79 ,216,0,216,,Рассматривается к зачислению
638,189-312-293-93,1 ,,,да,не требуется,68 78 70 ,216,0,216,,Рассматривается к зачислению
639,181-510-709-44,5 ,,,да,не требуется,64 75 77 ,216,0,216,,Рассматривается к зачислению
640,201-717-836-35,5 ,,,нет,не требуется,58 70 85 ,213,3,216,,
641,179-819-722-42,2 ,,,да,не требуется,80 54 81 ,215,0,215,,Рассматривается к зачислению
642,184-035-001-36,5 ,,,нет,не требуется,72 67 73 ,212,3,215,,
643,167-886-847-55,3 ,,,нет,не требуется,70 75 70 ,215,0,215,,
644,174-812-307-69,5 ,,,нет,не требуется,70 67 75 ,212,3,215,,
645,168-235-052-71,2 ,,,нет,требуется,70 64 81 ,215,0,215,,
646,183-051-495-57,5 ,,,нет,требуется,70 62 83 ,215,0,215,,
647,207-955-229-84,2 ,,,да,не требуется,68 72 75 ,215,0,215,,Рассматривается к зачислению
648,171-957-390-04,1 ,,,нет,не требуется,68 70 77 ,215,0,215,,
649,186-822-455-06,3 ,,,да,не требуется,68 64 83 ,215,0,215,,Рассматривается к зачислению
650,187-291-687-22,1 ,,,да,не требуется,68 56 89 ,213,2,215,,Рассматривается к зачислению
651,2312566,2 ,,,нет,не требуется,66 59 87 ,212,3,215,,
652,184-300-633-45,5 ,,,нет,не требуется,66 54 85 ,205,10,215,,
653,186-772-488-34,4 ,,,нет,не требуется,64 78 73 ,215,0,215,,
654,182-668-318-02,2 ,,,да,не требуется,64 72 79 ,215,0,215,,Рассматривается к зачислению
655,151-804-648-53,3 ,,,да,не требуется,64 70 81 ,215,0,215,,Рассматривается к зачислению
656,184-207-905-72,3 ,,,нет,не требуется,64 56 95 ,215,0,215,,Преим. право
657,158-343-241-69,2 ,,,нет,требуется,86 56 69 ,211,3,214,,
658,167-268-263-00,2 ,,,да,не требуется,70 80 61 ,211,3,214,,Рассматривается к зачислению
659,154-243-058-38,2 ,,,нет,требуется,70 72 72 ,214,0,214,,
660,167-675-614-19,2 ,,,да,не требуется,68 62 81 ,211,3,214,,Рассматривается к зачислению
661,173-137-162-51,1 ,,,нет,требуется,66 75 73 ,214,0,214,,
662,191-875-652-19,4 ,,,нет,не требуется,66 59 89 ,214,0,214,,Преим. право
663,190-691-998-17,1 ,,,да,не требуется,64 80 67 ,211,3,214,,Рассматривается к зачислению
664,137-463-047-62,3 ,,,нет,требуется,58 95 61 ,214,0,214,,
665,180-813-670-69,3 ,,,нет,не требуется,76 48 89 ,213,0,213,,
666,183-903-813-88,5 ,,,нет,не требуется,74 54 85 ,213,0,213,,
667,185-826-169-12,5 ,,,нет,не требуется,68 72 70 ,210,3,213,,
668,164-814-678-93,2 ,,,да,не требуется,68 62 83 ,213,0,213,,Рассматривается к зачислению
669,164-138-217-52,2 ,,,нет,не требуется,68 59 83 ,210,3,213,,
670,184-484-260-98,1 ,,,нет,не требуется,68 56 89 ,213,0,213,,
671,168-618-556-15,2 ,,,нет,не требуется,66 78 67 ,211,2,213,,
672,195-007-870-81,5 ,,,нет,требуется,66 64 77 ,207,6,213,,
673,158-901-167-84,5 ,,,нет,требуется,64 62 87 ,213,0,213,,
674,186-613-121-75,3 ,,,да,не требуется,58 80 75 ,213,0,213,,Рассматривается к зачислению
675,164-936-001-78,5 ,,,нет,не требуется,58 72 83 ,213,0,213,,
676,161-183-535-47,2 ,,,нет,не требуется,74 59 79 ,212,0,212,,
677,164-803-181-64,3 ,,,нет,не требуется,70 67 75 ,212,0,212,,
678,159-387-315-12,3 ,,,нет,требуется,70 67 72 ,209,3,212,,
679,151-182-782-48,3 ,,,да,не требуется,66 64 77 ,207,5,212,,Рассматривается к зачислению
680,207-010-748-08,5 ,,,нет,не требуется,64 67 81 ,212,0,212,,
681,169-366-251-07,2 ,,,нет,не требуется,58 67 87 ,212,0,212,,
682,203-217-649 18,5 ,,,нет,не требуется,58 67 87 ,212,0,212,,
683,165-016-534-45,5 ,,,нет,требуется,52 88 69 ,209,3,212,,
684,146-608-806-80,4 ,,,нет,"требуется, отказано",74 70 64 ,208,3,211,,
685,164-273-941-79,2 ,,,да,не требуется,74 64 73 ,211,0,211,,Рассматривается к зачислению
686,177-412-387-82,4 ,,,нет,не требуется,72 70 69 ,211,0,211,,Преим. право
687,166-056-004-51,2 ,,,нет,не требуется,72 67 72 ,211,0,211,,
688,174-908-384-06,1 ,,,да,не требуется,70 64 75 ,209,2,211,,Рассматривается к зачислению
689,203-659-260-53,5 ,,,нет,требуется,68 64 79 ,211,0,211,,
690,177-909-342-21,4 ,,,нет,не требуется,68 56 79 ,203,8,211,,
691,195-938-563-45,2 ,,,нет,не требуется,66 78 67 ,211,0,211,,
692,209-323-181-40,3 ,,,нет,не требуется,66 72 73 ,211,0,211,,
693,183-902-904-86,3 ,,,нет,не требуется,66 64 81 ,211,0,211,,
694,171-443-323-43,1 ,,,нет,не требуется,64 75 72 ,211,0,211,,
695,164-454-711-73,1 ,,,нет,не требуется,64 75 69 ,208,3,211,,
696,199-326-972-37,7 ,,,нет,требуется,64 64 83 ,211,0,211,,
697,176-521-946-91,4 ,,,да,требуется,64 62 85 ,211,0,211,,Рассматривается к зачислению
698,192-766-576-24,5 ,,,нет,не требуется,64 62 85 ,211,0,211,,
699,154-823-054-60,3 ,,,нет,требуется,76 67 67 ,210,0,210,,
700,156-481-923-92,4 ,,,нет,не требуется,68 70 72 ,210,0,210,,
701,181-364-928-82,1 ,,,да,не требуется,68 67 73 ,208,2,210,,Рассматривается к зачислению
702,171-815-909-80,1 ,,,нет,не требуется,68 64 75 ,207,3,210,,
703,203-729-894-72,2 ,,,нет,требуется,66 59 83 ,208,2,210,,
704,177-500-549-75,3 ,,,нет,не требуется,64 64 77 ,205,5,210,,
705,190-787-482-19,4 ,,,да,не требуется,64 59 87 ,210,0,210,,Рассматривается к зачислению
706,158-824-901-05,3 ,,,нет,требуется,58 72 77 ,207,3,210,,
707,195-529-400-02,5 ,,,нет,не требуется,58 67 85 ,210,0,210,,
708,186-285-490-15,2 ,,,нет,не требуется,70 59 77 ,206,3,209,,
709,169-356-438-11,5 ,,,нет,требуется,68 72 69 ,209,0,209,,
710,188-231-583-93,1 ,,,да,не требуется,68 64 77 ,209,0,209,,Рассматривается к зачислению
711,187-156-187-01,1 ,,,нет,не требуется,68 54 87 ,209,0,209,,
712,198-105-739-98,2 ,,,нет,не требуется,68 54 87 ,209,0,209,,
713,184-611-323-61,5 ,,,нет,не требуется,66 70 70 ,206,3,209,,
714,183-501-171-45,5 ,,,нет,не требуется,66 64 79 ,209,0,209,,
715,184-135-660-71,1 ,,,нет,не требуется,66 64 79 ,209,0,209,,
716,179-266-424-12,2 ,,,нет,не требуется,66 59 81 ,206,3,209,,
717,184-596-913-30,2 ,,,нет,не требуется,66 59 81 ,206,3,209,,
718,209-345-515-60,4 ,,,нет,не требуется,64 75 70 ,209,0,209,,
719,175-407-880-91,3 ,,,нет,"требуется, отказано",64 62 83 ,209,0,209,,
720,190-538-490-87,4 ,,,нет,не требуется,58 72 79 ,209,0,209,,
721,169-158-323-98,1 ,,,нет,не требуется,72 56 70 ,198,10,208,,
722,184-671-828-10,1 ,,,нет,не требуется,68 83 57 ,208,0,208,,
723,159-102-217-40,1 ,,,нет,требуется,68 59 81 ,208,0,208,,
724,165-459-314-91,5 ,,,нет,не требуется,68 59 79 ,206,2,208,,
725,161-855-622-80,2 ,,,нет,не требуется,68 54 81 ,203,5,208,,
726,183-075-956-91,3 ,,,да,требуется,66 70 72 ,208,0,208,,Рассматривается к зачислению
727,180-428-529-66,2 ,,,нет,не требуется,64 59 85 ,208,0,208,,
728,135-710-842-48,4 ,,,нет,не требуется,62 60 78 ,200,8,208,,
729,193-304-515-57,2 ,,,нет,не требуется,58 64 83 ,205,3,208,,
730,195-799-703-61,2 ,,,нет,не требуется,52 70 83 ,205,3,208,,
731,203-363-423-17,3 ,,,нет,не требуется,74 70 63 ,207,0,207,,
732,162-243-139-32,5 ,,,нет,не требуется,72 72 63 ,207,0,207,,
733,165-890-376-12,5 ,,,да,"требуется, отказано",70 67 70 ,207,0,207,,Рассматривается к зачислению
734,198-127-527-05,1 ,,,нет,не требуется,70 62 73 ,205,2,207,,
735,180-635-386-74,1 ,,,нет,не требуется,68 70 69 ,207,0,207,,
736,173-976-285-24,1 ,,,нет,не требуется,68 62 77 ,207,0,207,,
737,202-347-850-31,5 ,,,нет,не требуется,68 54 85 ,207,0,207,,
738,184-304-099-61,3 ,,,нет,не требуется,66 72 69 ,207,0,207,,
739,167-711-052-68,6 ,,,нет,требуется,66 64 77 ,207,0,207,,
740,187-391-228-05,2 ,,,нет,не требуется,66 62 79 ,207,0,207,,
741,173-736-226-82,2 ,,,нет,не требуется,64 56 87 ,207,0,207,,
742,196-233-185-85,3 ,,,нет,не требуется,58 72 77 ,207,0,207,,
743,186-908-365-25,4 ,,,да,не требуется,58 62 87 ,207,0,207,,Рассматривается к зачислению
744,191-534-894-94,7 ,,,нет,не требуется,70 56 77 ,203,3,206,,
745,181-181-202-37,3 ,,,нет,требуется,70 54 72 ,196,10,206,,
746,146-334-936-70,2 ,,,да,не требуется,68 72 63 ,203,3,206,,Рассматривается к зачислению
747,185-617-020-80,5 ,,,да,не требуется,68 56 79 ,203,3,206,,Рассматривается к зачислению
748,196-753-410-14,4 ,,,нет,требуется,66 80 60 ,206,0,206,,
749,176-158-988-19,2 ,,,нет,не требуется,66 70 70 ,206,0,206,,Преим. право
750,177-807-751-20,3 ,,,нет,не требуется,64 67 73 ,204,2,206,,
751,169-487-575-44,5 ,,,нет,не требуется,64 67 70 ,201,5,206,,
752,135-918-579-96,1 ,,,нет,требуется,64 56 83 ,203,3,206,,
753,187-744-517-22,3 ,,,нет,не требуется,64 46 89 ,199,7,206,,
754,180-036-155-29,3 ,,,нет,не требуется,74 70 61 ,205,0,205,,
755,134-356-520-46,4 ,,,нет,не требуется,74 62 69 ,205,0,205,,
756,203-928-618-62,6 ,,,нет,не требуется,74 54 77 ,205,0,205,,
757,147-488-479-19,1 ,,,нет,не требуется,66 67 69 ,202,3,205,,
758,170-989-261-12,7 ,,,нет,требуется,64 78 63 ,205,0,205,,
759,141-626-917-53,3 ,,,нет,не требуется,64 59 79 ,202,3,205,,
760,148-232-830-61,1 ,,,нет,не требуется,58 75 69 ,202,3,205,,
761,184-004-962-57,1 ,,,нет,не требуется,58 59 85 ,202,3,205,,
762,194-739-034-10,2 ,,,да,не требуется,70 64 70 ,204,0,204,,Рассматривается к зачислению
763,183-003-055-20,2 ,,,нет,не требуется,70 62 72 ,204,0,204,,Преим. право
764,195-529-537-18,1 ,,,да,не требуется,70 62 72 ,204,0,204,,Рассматривается к зачислению
765,164-209-020-36,2 ,,,нет,не требуется,68 78 55 ,201,3,204,,
766,201-378-164-28,3 ,,,нет,не требуется,68 64 72 ,204,0,204,,
767,147-659-456-13,3 ,,,да,не требуется,64 67 73 ,204,0,204,,Рассматривается к зачислению
768,169-504-430-83,2 ,,,нет,не требуется,52 59 93 ,204,0,204,,
769,181-081-588-62,2 ,,,нет,не требуется,70 56 77 ,203,0,203,,
770,204-212-334-90,2 ,,,нет,требуется,68 75 60 ,203,0,203,,
771,205-611-431-16,5 ,,,нет,не требуется,68 72 63 ,203,0,203,,
772,158-493-943-22,3 ,,,да,не требуется,66 56 81 ,203,0,203,,Рассматривается к зачислению
773,182-173-711-63,3 ,,,нет,не требуется,64 62 77 ,203,0,203,,
774,209-310-905-35,5 ,,,нет,не требуется,58 62 83 ,203,0,203,,
775,165-596-949-33,1 ,,,нет,не требуется,52 70 81 ,203,0,203,,
776,183-433-071-59,6 ,,,нет,не требуется,72 54 73 ,199,3,202,,
777,173-471-868-92,6 ,,,нет,"требуется, отказано",66 51 79 ,196,6,202,,
778,163-976-784-30,5 ,,,нет,не требуется,64 59 79 ,202,0,202,,
779,201-913-054-09,2 ,,,нет,не требуется,58 67 77 ,202,0,202,,
780,165-455-892-03,3 ,,,да,не требуется,68 56 77 ,201,0,201,,Рассматривается к зачислению
781,181-711-860-66,5 ,,,нет,не требуется,66 72 60 ,198,3,201,,
782,197-328-337-10,2 ,,,нет,не требуется,66 48 87 ,201,0,201,,
783,172-293-126-60,4 ,,,нет,требуется,58 70 70 ,198,3,201,,
784,164-121-571-34,7 ,,,нет,не требуется,70 64 66 ,200,0,200,,
785,143-326-066-31,8 ,,,нет,требуется,66 64 67 ,197,3,200,,
786,182-173-368-68,5 ,,,нет,не требуется,66 59 72 ,197,3,200,,
787,150-702-523-20,4 ,,,нет,не требуется,60 67 73 ,200,0,200,,Преим. право
788,193-156-541-80,2 ,,,да,не требуется,58 78 64 ,200,0,200,,Рассматривается к зачислению
789,165-947-481-21,1 ,,,нет,не требуется,58 70 69 ,197,3,200,,
790,187-059-423-00,2 ,,,нет,не требуется,58 51 91 ,200,0,200,,
791,180-487-236-82,5 ,,,да,не требуется,52 67 81 ,200,0,200,,Рассматривается к зачислению
792,163-933-712-83,2 ,,,да,не требуется,70 64 63 ,197,2,199,,Рассматривается к зачислению
793,165-912-488-94,3 ,,,да,не требуется,70 62 67 ,199,0,199,,Рассматривается к зачислению
794,166-207-791-78,4 ,,,нет,не требуется,70 59 67 ,196,3,199,,
795,136-674-223-74,3 ,,,нет,требуется,68 64 67 ,199,0,199,,
796,201-226-537-99,3 ,,,нет,не требуется,68 51 77 ,196,3,199,,
797,152-802-792-59,3 ,,,да,не требуется,66 72 61 ,199,0,199,,Рассматривается к зачислению
798,166-870-654-12,5 ,,,нет,требуется,66 72 61 ,199,0,199,,
799,186-548-685-34,2 ,,,нет,не требуется,66 64 69 ,199,0,199,,
800,173-317-876-80,2 ,,,нет,требуется,64 75 60 ,199,0,199,,
801,179-282-163-04,3 ,,,нет,не требуется,64 56 79 ,199,0,199,,
802,165-515-343-66,2 ,,,нет,не требуется,64 56 69 ,189,10,199,,
803,164-672-877-07,2 ,,,нет,требуется,64 54 81 ,199,0,199,,
804,196-277-425-17,3 ,,,нет,не требуется,52 75 69 ,196,3,199,,
805,185-532-738-95,6 ,,,нет,не требуется,52 70 77 ,199,0,199,,
806,189-171-907-13,3 ,,,нет,не требуется,70 67 61 ,198,0,198,,
807,171-515-511-44,1 ,,,да,не требуется,68 67 63 ,198,0,198,,Рассматривается к зачислению
808,187-373-639-18,3 ,,,нет,не требуется,64 67 64 ,195,3,198,,
809,173-747-670-06,1 ,,,нет,требуется,58 67 73 ,198,0,198,,
810,186-029-854-98,2 ,,,нет,не требуется,58 59 81 ,198,0,198,,
811,175-309-382-80,4 ,,,нет,не требуется,66 59 72 ,197,0,197,,
812,174-337-862-91,4 ,,,нет,требуется,66 46 85 ,197,0,197,,
813,167-250-611-63,7 ,,,нет,не требуется,64 67 66 ,197,0,197,,
814,184-054-579-79,2 ,,,да,не требуется,64 67 63 ,194,3,197,,Рассматривается к зачислению
815,191-136-318-51,3 ,,,да,не требуется,64 56 77 ,197,0,197,,Рассматривается к зачислению
816,166-542-595-94,2 ,,,нет,не требуется,58 67 72 ,197,0,197,,
817,186-911-414-95,2 ,,,да,не требуется,52 67 75 ,194,3,197,,Рассматривается к зачислению
818,187-621-842-04,4 ,,,нет,не требуется,52 64 81 ,197,0,197,,
819,184-484-393-09,1 ,,,нет,не требуется,70 62 64 ,196,0,196,,
820,167-476-189-15,2 ,,,нет,требуется,58 59 79 ,196,0,196,,
821,164-764-582-04,5 ,,,нет,не требуется,70 59 66 ,195,0,195,,
822,190-819-585-04,3 ,,,нет,не требуется,70 56 69 ,195,0,195,,
823,186-546-177-11,4 ,,,нет,не требуется,68 72 55 ,195,0,195,,
824,158-763-552-14,3 ,,,да,не требуется,66 62 67 ,195,0,195,,Рассматривается к зачислению
825,158-199-010-93,3 ,,,нет,не требуется,64 59 72 ,195,0,195,,
826,180-311-370-22,2 ,,,нет,не требуется,58 80 57 ,195,0,195,,
827,165-250-133-40,1 ,,,нет,не требуется,52 64 79 ,195,0,195,,
828,175-374-622-92,5 ,,,нет,не требуется,72 59 63 ,194,0,194,,
829,173-450-740-63,3 ,,,нет,не требуется,70 70 54 ,194,0,194,,
830,165-278-002-72,1 ,,,да,"требуется, отказано",68 62 64 ,194,0,194,,Рассматривается к зачислению
831,184-053-696-79,4 ,,,нет,требуется,68 56 70 ,194,0,194,,
832,209-329-541-68,5 ,,,нет,не требуется,68 54 69 ,191,3,194,,
833,163-811-749-72,2 ,,,нет,требуется,66 67 61 ,194,0,194,,
834,163-988-244-20,3 ,,,нет,не требуется,66 56 72 ,194,0,194,,
835,186-913-632-10,5 ,,,да,не требуется,64 51 79 ,194,0,194,,Рассматривается к зачислению
836,193-028-063-58,3 ,,,нет,не требуется,58 59 77 ,194,0,194,,
837,185-691-482-21,1 ,,,нет,не требуется,74 56 63 ,193,0,193,,Преим. право
838,176-935-763-30,4 ,,,нет,не требуется,68 59 66 ,193,0,193,,
839,181-919-973-17,4 ,,,нет,не требуется,68 59 66 ,193,0,193,,
840,181-925-981-06,1 ,,,нет,не требуется,68 48 77 ,193,0,193,,
841,191-316-538-63,1 ,,,нет,не требуется,64 59 67 ,190,3,193,,
842,193-598-104-14,3 ,,,нет,не требуется,64 54 72 ,190,3,193,,
843,176-236-396-90,1 ,,,да,не требуется,64 48 81 ,193,0,193,,Рассматривается к зачислению
844,184-976-487-47,4 ,,,да,не требуется,58 62 73 ,193,0,193,,Рассматривается к зачислению
845,166-045-244-56,3 ,,,нет,не требуется,58 56 79 ,193,0,193,,
846,174-307-016-46,4 ,,,нет,не требуется,52 62 79 ,193,0,193,,
847,171-483-016-55,1 ,,,нет,требуется,66 59 67 ,192,0,192,,
848,202-317-497-19,3 ,,,нет,не требуется,66 54 72 ,192,0,192,,
849,187-441-209-84,2 ,,,да,не требуется,64 54 66 ,184,8,192,,Рассматривается к зачислению
850,187-420-233-70,1 ,,,нет,"требуется, отказано",58 64 70 ,192,0,192,,
851,173-721-970-82,6 ,,,нет,не требуется,58 51 73 ,182,10,192,,
852,187-304-374-82,4 ,,,нет,не требуется,52 70 70 ,192,0,192,,
853,142-253-824-35,3 ,,,нет,"требуется, отказано",74 54 63 ,191,0,191,,
854,209-331-936-56,3 ,,,нет,не требуется,70 51 70 ,191,0,191,,
855,168-310-862-73,5 ,,,нет,не требуется,68 56 67 ,191,0,191,,
856,190-552-296-73,3 ,,,нет,не требуется,64 46 81 ,191,0,191,,
857,194-305-562-75,3 ,,,да,не требуется,58 56 77 ,191,0,191,,Рассматривается к зачислению
858,199-875-486-79,1 ,,,да,не требуется,58 54 79 ,191,0,191,,Рассматривается к зачислению
859,193-148-080-75,1 ,,,да,не требуется,52 70 64 ,186,5,191,,Рассматривается к зачислению
860,164-427-683-83,2 ,,,нет,не требуется,52 56 81 ,189,2,191,,
861,189-812-553-23,4 ,,,нет,не требуется,64 59 67 ,190,0,190,,
862,173-632-804-72,2 ,,,нет,не требуется,58 72 60 ,190,0,190,,
863,171-259-681-79,1 ,,,да,не требуется,72 48 69 ,189,0,189,,Рассматривается к зачислению
864,164-899-897-61,1 ,,,да,не требуется,66 56 64 ,186,3,189,,Рассматривается к зачислению
865,187-113-175-66,5 ,,,да,не требуется,66 56 66 ,188,0,188,,Рассматривается к зачислению
866,196-282-615-06,2 ,,,нет,не требуется,64 54 66 ,184,4,188,,
867,201-595-868-63,3 ,,,да,не требуется,64 48 73 ,185,3,188,,Рассматривается к зачислению
868,192-308-936-83,3 ,,,нет,не требуется,52 67 69 ,188,0,188,,
869,186-220-804-64,5 ,,,нет,не требуется,68 62 57 ,187,0,187,,
870,184-840-890-09,2 ,,,нет,не требуется,66 54 67 ,187,0,187,,
871,195-250-687-93,2 ,,,нет,не требуется,66 48 73 ,187,0,187,,
872,175-323-818-73,2 ,,,нет,не требуется,64 48 75 ,187,0,187,,
873,175-510-434-56,4 ,,,нет,требуется,58 48 81 ,187,0,187,,
874,185-617-943-13,1 ,,,нет,не требуется,52 54 81 ,187,0,187,,
875,209-331-579-55,2 ,,,нет,не требуется,66 56 64 ,186,0,186,,
876,185-388-402-10,1 ,,,нет,не требуется,64 64 58 ,186,0,186,,
877,191-820-436-69,3 ,,,нет,не требуется,64 62 58 ,184,2,186,,
878,168-576-013-05,1 ,,,нет,"требуется, отказано",58 62 66 ,186,0,186,,
879,179-393-672-35,6 ,,,нет,не требуется,58 56 72 ,186,0,186,,
880,194-043-324-57,3 ,,,нет,не требуется,46 51 89 ,186,0,186,,
881,154-905-584-85,3 ,,,нет,не требуется,66 46 70 ,182,3,185,,
882,185-085-653-98,4 ,,,да,не требуется,64 48 73 ,185,0,185,,Рассматривается к зачислению
883,184-735-149-97,4 ,,,да,не требуется,58 64 63 ,185,0,185,,Рассматривается к зачислению
884,187-964-477-53,1 ,,,нет,не требуется,52 56 77 ,185,0,185,,
885,199-742-573-44,5 ,,,да,не требуется,70 62 52 ,184,0,184,,Рассматривается к зачислениюПреим. право
886,157-629-661-09,1 ,,,да,не требуется,64 51 67 ,182,2,184,,Рассматривается к зачислению
887,196-451-013-80,2 ,,,нет,не требуется,64 48 72 ,184,0,184,,
888,167-812-264-88,3 ,,,да,не требуется,58 51 75 ,184,0,184,,Рассматривается к зачислению
889,174-812-451-76,3 ,,,да,не требуется,52 59 73 ,184,0,184,,Рассматривается к зачислению
890,178-143-609-85,2 ,,,нет,не требуется,52 59 73 ,184,0,184,,
891,195-345-496-08,3 ,,,нет,не требуется,46 75 63 ,184,0,184,,
892,160-719-569-75,5 ,,,нет,требуется,52 70 61 ,183,0,183,,
893,169-644-811-17,3 ,,,да,не требуется,52 59 72 ,183,0,183,,Рассматривается к зачислению
894,198-719-648-52,3 ,,,нет,не требуется,52 56 75 ,183,0,183,,
895,201-171-601-89,2 ,,,да,не требуется,68 51 63 ,182,0,182,,Рассматривается к зачислению
896,184-340-677-77,5 ,,,нет,не требуется,52 54 73 ,179,3,182,,
897,165-991-260-11,1 ,,,нет,не требуется,46 70 63 ,179,3,182,,
898,182-018-621-46,2 ,,,нет,не требуется,72 48 61 ,181,0,181,,
899,195-891-882-53,1 ,,,нет,не требуется,52 59 70 ,181,0,181,,
900,184-113-475-54,4 ,,,нет,не требуется,52 54 75 ,181,0,181,,
901,188-535-277-19,1 ,,,нет,не требуется,68 51 61 ,180,0,180,,
902,195-769-289-53,5 ,,,нет,не требуется,64 46 70 ,180,0,180,,
903,158-332-872-85,3 ,,,нет,не требуется,58 62 60 ,180,0,180,,
904,196-142-681-91,1 ,,,нет,не требуется,40 64 66 ,170,10,180,,
905,153-344-954-64,1 ,,,нет,не требуется,76 - 97 ,173,6,179,,Нет результатов ВИ *
906,183-695-986-42,4 ,,,нет,не требуется,68 56 55 ,179,0,179,,
907,141-779-432-80,3 ,,,нет,требуется,58 64 54 ,176,3,179,,
908,187-236-587-09,3 ,,,нет,не требуется,58 55 66 ,179,0,179,,
909,191-298-738-10,4 ,,,да,не требуется,64 56 58 ,178,0,178,,Рассматривается к зачислению
910,164-994-244-16,3 ,,,нет,не требуется,58 59 61 ,178,0,178,,
911,166-411-513-51,5 ,,,да,не требуется,52 59 67 ,178,0,178,,Рассматривается к зачислению
912,186-996-158-57,3 ,,,нет,не требуется,52 54 69 ,175,3,178,,
913,156-670-204-71,1 ,,,да,не требуется,46 59 70 ,175,3,178,,Рассматривается к зачислению
914,138-385-577-01,6 ,,,нет,требуется,58 59 57 ,174,3,177,,
915,159-887-082-44,2 ,,,нет,требуется,58 56 63 ,177,0,177,,
916,206-809-647-76,6 ,,,нет,не требуется,58 46 73 ,177,0,177,,
917,183-977-402-23,4 ,,,нет,не требуется,52 59 66 ,177,0,177,,
918,184-732-901-93,4 ,,,нет,не требуется,40 67 66 ,173,3,176,,
919,164-014-556-36,3 ,,,нет,требуется,78 - 87 ,165,10,175,,Нет результатов ВИ *Преим. право
920,197-823-100-01,6 ,,,нет,требуется,72 - 93 ,165,10,175,,Нет результатов ВИ *
921,162-067-429-53,4 ,,,да,требуется,64 62 49 ,175,0,175,,Рассматривается к зачислению
922,186-189-804-23,2 ,,,да,не требуется,58 62 55 ,175,0,175,,Рассматривается к зачислению
923,174-906-554-99,7 ,,,нет,требуется,52 51 72 ,175,0,175,,
924,165-885-596-37,5 ,,,нет,требуется,52 46 77 ,175,0,175,,
925,171-152-284-36,4 ,,,да,не требуется,64 48 60 ,172,2,174,,Рассматривается к зачислению
926,158-461-541-86,3 ,,,нет,требуется,58 56 60 ,174,0,174,,
927,175-021-578-50,3 ,,,нет,не требуется,74 - 89 ,163,10,173,,Нет результатов ВИ *
928,184-350-520-62,3 ,,,нет,не требуется,58 46 66 ,170,3,173,,
929,204-354-419-27,4 ,,,нет,не требуется,52 46 75 ,173,0,173,,
930,197-148-198-15,3 ,,,нет,требуется,46 54 73 ,173,0,173,,
931,167-279-272-09,1 ,,,нет,требуется,58 54 57 ,169,3,172,,
932,186-524-515 92,1 ,,,да,не требуется,52 51 69 ,172,0,172,,Рассматривается к зачислению
933,195-471-735-09,5 ,,,нет,не требуется,46 56 70 ,172,0,172,,
934,159-213-459-71,2 ,,,нет,требуется,74 - 87 ,161,10,171,,Нет результатов ВИ *
935,159-572-771-19,4 ,,,нет,требуется,52 64 55 ,171,0,171,,
936,191-450-693-75,5 ,,,нет,не требуется,52 56 63 ,171,0,171,,
937,187-570-453-10,2 ,,,да,требуется,52 46 73 ,171,0,171,,Рассматривается к зачислению
938,197-392-690-35,4 ,,,нет,не требуется,72 - 95 ,167,3,170,,Нет результатов ВИ *
939,169-765-972-53,2 ,,,нет,не требуется,52 54 64 ,170,0,170,,
940,188-752-737-36,1 ,,,нет,не требуется,52 51 67 ,170,0,170,,
941,167-119-933-88,2 ,,,нет,требуется,46 54 70 ,170,0,170,,
942,166-831-594-01,4 ,,,нет,требуется,88 - 81 ,169,0,169,,Нет результатов ВИ *
943,171-095-719-68,2 ,,,нет,не требуется,46 56 64 ,166,3,169,,
944,184-422-411-57,3 ,,,да,не требуется,66 48 48 ,162,5,167,,Рассматривается к зачислению
945,190-855-469-05,4 ,,,нет,"требуется, отказано",64 46 57 ,167,0,167,,
946,162-296-346-74,2 ,,,нет,требуется,52 51 61 ,164,3,167,,
947,166-022-359-44,5 ,,,нет,не требуется,52 51 61 ,164,3,167,,
948,204-865-994-92,5 ,,,да,не требуется,52 48 67 ,167,0,167,,Рассматривается к зачислению
949,195-405-510-76,3 ,,,нет,не требуется,46 54 67 ,167,0,167,,
950,188-153-282-95,3 ,,,да,не требуется,46 51 70 ,167,0,167,,Рассматривается к зачислению
951,201-137-330-89,3 ,,,нет,не требуется,76 - 87 ,163,3,166,,Нет результатов ВИ *
952,173-392-416-76,3 ,,,нет,не требуется,58 51 57 ,166,0,166,,
953,139-069-010-63,4 ,,,нет,"требуется, отказано",58 48 60 ,166,0,166,,
954,187-140-586-84,3 ,,,нет,не требуется,58 48 60 ,166,0,166,,
955,184-528-405-89,4 ,,,да,не требуется,58 48 57 ,163,3,166,,Рассматривается к зачислению
956,187-799-754-78,3 ,,,нет,не требуется,52 51 63 ,166,0,166,,
957,193-443-686-97,9 ,,,нет,не требуется,46 51 69 ,166,0,166,,
958,139-525-752-88,4 ,,,нет,не требуется,92 - 73 ,165,0,165,,Нет результатов ВИ *
959,158-059-336-86,4 ,,,да,не требуется,52 46 67 ,165,0,165,,Рассматривается к зачислению
960,149-284-568-05,1 ,,,нет,"требуется, отказано",52 46 64 ,162,3,165,,
961,170-655-914-78,3 ,,,да,не требуется,52 54 58 ,164,0,164,,Рассматривается к зачислению
962,163-387-599-04,1 ,,,нет,требуется,52 48 64 ,164,0,164,,Преим. право
963,186-259-895-33,5 ,,,нет,"требуется, отказано",52 48 61 ,161,3,164,,
964,186-259-436-10,3 ,,,нет,не требуется,40 54 70 ,164,0,164,,
965,175-372-294-88,5 ,,,нет,не требуется,76 - 87 ,163,0,163,,Нет результатов ВИ *
966,172-725-007-57,1 ,,,нет,не требуется,52 56 55 ,163,0,163,,
967,205-625-090-36,4 ,,,да,не требуется,46 56 61 ,163,0,163,,Рассматривается к зачислению
968,180-486-604-82,3 ,,,нет,не требуется,68 - 85 ,153,9,162,,Нет результатов ВИ *
969,188-679-004-38,3 ,,,да,не требуется,52 46 64 ,162,0,162,,Рассматривается к зачислению
970,157-272-937-92,5 ,,,да,не требуется,52 46 61 ,159,3,162,,Рассматривается к зачислению
971,185-717-798-28,5 ,,,нет,не требуется,40 59 63 ,162,0,162,,
972,186-227-080-80,1 ,,,да,не требуется,40 59 63 ,162,0,162,,Рассматривается к зачислению
973,185-447-135-93,5 ,,,да,не требуется,40 56 66 ,162,0,162,,Рассматривается к зачислению
974,152-160-654-30,5 ,,,нет,не требуется,58 48 55 ,161,0,161,,
975,184-481-932-02,2 ,,,нет,не требуется,58 46 57 ,161,0,161,,
976,164-396-551-97,4 ,,,да,не требуется,52 54 54 ,160,0,160,,Рассматривается к зачислению
977,190-671-241-70,2 ,,,нет,не требуется,52 48 60 ,160,0,160,,
978,204-562-830-43,4 ,,,нет,требуется,70 - 79 ,149,10,159,,Нет результатов ВИ *
979,149-378-550-12,4 ,,,да,не требуется,40 54 64 ,158,0,158,,Рассматривается к зачислению
980,199-542-873-41,2 ,,,нет,требуется,72 - 85 ,157,0,157,,Нет результатов ВИ *
981,164-764-590-04,5 ,,,нет,"требуется, отказано",68 - 89 ,157,0,157,,Нет результатов ВИ *
982,172-278-568-92,4 ,,,да,не требуется,46 48 63 ,157,0,157,,Рассматривается к зачислению
983,165-272-263-67,9 ,,,нет,не требуется,46 46 63 ,155,2,157,,
984,166-971-251-07,5 ,,,нет,не требуется,72 - 84 ,156,0,156,,Нет результатов ВИ *
985,166-943-012-88,3 ,,,нет,не требуется,46 46 64 ,156,0,156,,
986,190-728-803-91,3 ,,,нет,не требуется,40 54 61 ,155,0,155,,
987,184-531-921-81,3 ,,,нет,требуется,46 56 51 ,153,0,153,,
988,168-255-398-03,2 ,,,нет,требуется,80 - 72 ,152,0,152,,Нет результатов ВИ *
989,166-068-549-92,1 ,,,нет,требуется,46 46 60 ,152,0,152,,Преим. право
990,190-128-964-71,2 ,,,нет,не требуется,40 46 66 ,152,0,152,,
991,137-459-821-95,6 ,,,нет,требуется,52 46 52 ,150,0,150,,
992,192-371-940-86,2 ,,,нет,не требуется,40 54 55 ,149,0,149,,
993,181-134-576-51,2 ,,,нет,не требуется,70 - 75 ,145,3,148,,Нет результатов ВИ *
994,159-884-130-23,2 ,,,нет,требуется,64 - 81 ,145,3,148,,Нет результатов ВИ *
995,165-938-413-08,1 ,,,нет,не требуется,64 - 81 ,145,3,148,,Нет результатов ВИ *
996,149-099-464-11,3 ,,,нет,не требуется,52 48 48 ,148,0,148,,Преим. право
997,191-863-441-98,3 ,,,нет,не требуется,70 - 77 ,147,0,147,,Нет результатов ВИ *
998,168-950-412-06,3 ,,,нет,не требуется,76 - 70 ,146,0,146,,Нет результатов ВИ *
999,164-032-712-32,3 ,,,да,"требуется, отказано",74 - 72 ,146,0,146,,Нет результатов ВИ *
1000,159-184-815-03,4 ,,,нет,требуется,64 - 79 ,143,3,146,,Нет результатов ВИ *
1001,190-822-057-63,2 ,,,нет,не требуется,40 48 58 ,146,0,146,,
1002,185-002-024-23,6 ,,,да,не требуется,70 - 72 ,142,3,145,,Нет результатов ВИ *
1003,196-827-941-43,3 ,,,нет,не требуется,68 - 69 ,137,5,142,,Нет результатов ВИ *Преим. право
1004,172-681-800-82,3 ,,,нет,требуется,66 - 73 ,139,3,142,,Нет результатов ВИ *
1005,165-821-332-70,2 ,,,нет,не требуется,72 - 69 ,141,0,141,,Нет результатов ВИ *
1006,169-461-229-96,3 ,,,нет,требуется,68 - 72 ,140,0,140,,Нет результатов ВИ *
1007,185-836-079-16,5 ,,,нет,не требуется,66 - 73 ,139,0,139,,Нет результатов ВИ *
1008,157-332-278-66,4 ,,,нет,не требуется,64 - 75 ,139,0,139,,Нет результатов ВИ *
1009,159-875-410-27,5 ,,,нет,не требуется,66 - 61 ,127,0,127,,Нет результатов ВИ *
1010,173-004-437-26,3 ,,,нет,не требуется,58 - 66 ,124,0,124,,Нет результатов ВИ *
1011,173-009-532-44,4 ,,,нет,не требуется,52 - 70 ,122,0,122,,Нет результатов ВИ *
1012,139-377-255-97,4 ,,,нет,требуется,52 - 61 ,113,0,113,,Нет результатов ВИ *
1013,166-253-145-63,3 ,,,нет,не требуется,40 - 64 ,104,0,104,,Нет результатов ВИ *
1014,166-151-476-65,4 ,,,нет,не требуется,40 - 61 ,101,3,104,,Нет результатов ВИ *
1015,140-714-481-32,5 ,,,нет,не требуется,40 - 58 ,98,0,98,,Нет результатов ВИ *
1016,147-606-123-59,1 ,,,нет,не требуется,40 - 58 ,98,0,98,,Нет результатов ВИ *
1017,137-206-446-43,1 ,,,нет,не требуется,- 50 44 ,94,0,94,,Нет результатов ВИ *
1018,190-696-090-02,1 ,,,нет,не требуется,- - - ,0,10,10,,Нет результатов ВИ *
1019,161-650-392-53,1 ,,,нет,требуется,x x x ,0,2,0,,Нет результатов ВИ *
1020,184-574-895-27,1 ,,,нет,не требуется,- - - ,0,2,2,,Нет результатов ВИ *
1021,202-011-587-79,4 ,,,нет,не требуется,- - - ,0,2,2,,Нет результатов ВИ *
1022,130-934-265-40,3 ,,,нет,не требуется,- - - ,0,0,0,,Нет результатов ВИ *Преим. право
1023,174-517-093-76,2 ,,,нет,не требуется,- - - ,0,0,0,,Нет результатов ВИ *Преим. право
1024,2319872,3 ,,,нет,не требуется,- - - ,0,0,0,,Нет результатов ВИ *
1025,044-865-183-79,1 ,,,нет,не требуется,- - - ,0,0,0,,Нет результатов ВИ *
1026,139-288-168-01,5 ,,,нет,требуется,- - - ,0,0,0,,Нет результатов ВИ *
1027,145-142-342-28,5 ,,,нет,не требуется,- - - ,0,0,0,,Нет результатов ВИ *
1028,152-517-462-51,3 ,,,нет,требуется,- - - ,0,0,0,,Нет результатов ВИ *
1029,155-900-625-64,9 ,,,нет,требуется,- - - ,0,0,0,,Нет результатов ВИ *
1030,164-022-982-47,4 ,,,нет,не требуется,- - - ,0,0,0,,Нет результатов ВИ *
1031,167-120-335-41,2 ,,,нет,требуется,- - - ,0,0,0,,Нет результатов ВИ *
1032,167-437-288-01,1 ,,,да,не требуется,- - - ,0,0,0,,Нет результатов ВИ *
1033,168-543-317-92,5 ,,,нет,не требуется,- - - ,0,0,0,,Нет результатов ВИ *
1034,170-114-158-12,2 ,,,нет,требуется,- - - ,0,0,0,,Нет результатов ВИ *
1035,184-942-694 21,3 ,,,да,не требуется,- - - ,0,0,0,,Нет результатов ВИ *
1036,200-619-087-17,3 ,,,нет,требуется,- - - ,0,0,0,,Нет результатов ВИ *
1037,201-086-122-98,3 ,,,нет,не требуется,- - - ,0,0,0,,Нет результатов ВИ *
1038,207-667-188-87,4 ,,,нет,не требуется,- - - ,0,0,0,,Нет результатов ВИ *
