,,,,,,,,,,,,
1,185-705-663-01,4 ,,,нет,не требуется,92 93 100 ,285,10,295,Возможен,
2,168-475-364-15,2 ,,,нет,"требуется, гарантировано",94 95 95 ,284,10,294,Возможен,
3,167-788-090-36,7 ,,,нет,"требуется, гарантировано",92 90 97 ,279,10,289,Возможен,
4,156-794-077-13,2 ,,,нет,не требуется,90 98 91 ,279,10,289,Возможен,
5,186-752-700-09,3 ,,,нет,не требуется,88 100 91 ,279,10,289,Возможен,
6,192-255-434-73,2 ,,,нет,"требуется, гарантировано",84 98 95 ,277,10,287,Возможен,
7,187-907-254-22,4 ,,,нет,не требуется,94 100 81 ,275,10,285,Возможен,
8,163-925-261-80,2 ,,,да,"требуется, гарантировано",98 90 85 ,273,10,283,Претендует,Рассматривается к зачислению
9,187-281-425-98,2 ,,,нет,не требуется,88 85 100 ,273,10,283,Возможен,
10,185-440-655-84,5 ,,,нет,не требуется,84 88 100 ,272,10,282,Возможен,
11,172-457-584-90,3 ,,,нет,не требуется,78 93 100 ,271,10,281,Возможен,
12,160-386-193-62,3 ,,,нет,"требуется, гарантировано",88 85 97 ,270,10,280,Возможен,
13,169-725-065-07,4 ,,,нет,"требуется, гарантировано",86 98 95 ,279,0,279,Возможен,
14,152-796-452-97,5 ,,,нет,"требуется, гарантировано",86 93 100 ,279,0,279,Возможен,
15,187-110-614-56,4 ,,,нет,"требуется, гарантировано",86 90 93 ,269,10,279,Возможен,
16,178-249-881-28,3 ,,,да,не требуется,94 95 89 ,278,0,278,Претендует,Рассматривается к зачислению
17,173-224-639-56,5 ,,,нет,"требуется, гарантировано",86 93 89 ,268,10,278,Возможен,
18,201-637-834-37,2 ,да,,нет,"требуется, гарантировано",80 88 100 ,268,10,278,Возможен,
19,179-544-036-04,2 ,,,да,не требуется,90 90 87 ,267,10,277,Претендует,Рассматривается к зачислению
20,150-468-044-46,4 ,,,да,"требуется, гарантировано",84 85 97 ,266,10,276,Претендует,Рассматривается к зачислению
21,160-230-166-04,5 ,,,нет,"требуется, гарантировано",82 100 91 ,273,3,276,Возможен,
22,209-328-239-61,5 ,,,нет,не требуется,80 93 93 ,266,10,276,Возможен,
23,181-036-321-32,2 ,да,,нет,не требуется,76 93 97 ,266,10,276,Возможен,Преим. право
24,169-592-427-24,5 ,да,,нет,не требуется,94 90 91 ,275,0,275,Возможен,
25,141-523-384-28,3 ,,,нет,"требуется, гарантировано",92 90 93 ,275,0,275,Возможен,
26,184-809-720-08,5 ,да,,да,не требуется,82 88 95 ,265,10,275,Претендует,Рассматривается к зачислению
27,179-221-758-92,4 ,,,нет,требуется,86 85 93 ,264,10,274,Возможен,
28,156-867-986-44,5 ,,,да,требуется,86 83 95 ,264,10,274,Претендует,Рассматривается к зачислению
29,185-776-847-46,2 ,,,нет,не требуется,88 90 85 ,263,10,273,Возможен,
30,154-220-967-44,5 ,,,нет,не требуется,86 98 79 ,263,10,273,Возможен,
31,167-455-447-00,3 ,,,нет,не требуется,78 88 97 ,263,10,273,Возможен,
32,163-890-237-89,4 ,,,нет,не требуется,90 88 85 ,263,9,272,Возможен,
33,191-134-383-52,5 ,да,,нет,не требуется,90 83 89 ,262,10,272,Возможен,
34,178-945-124-24,4 ,,,нет,не требуется,90 75 97 ,262,10,272,Возможен,
35,184-676-127-08,3 ,,,нет,не требуется,88 93 91 ,272,0,272,Возможен,
36,158-693-373-22,5 ,да,,нет,требуется,88 88 96 ,272,0,272,Возможен,
37,202-901-195-15,1 ,да,да,да,не требуется,82 80 100 ,262,10,272,Претендует,Рассматривается к зачислению
38,170-772-861-86,5 ,да,,нет,требуется,88 95 85 ,268,3,271,Возможен,
39,157-363-498-95,4 ,да,,нет,требуется,88 90 93 ,271,0,271,Возможен,
40,200-816-885-39,3 ,да,,нет,требуется,88 90 93 ,271,0,271,Возможен,
41,165-929-251-07,2 ,,,нет,требуется,84 90 87 ,261,10,271,Возможен,
42,177-500-205-54,3 ,,,нет,не требуется,84 80 97 ,261,10,271,Возможен,
43,197-177-489-34,3 ,,,нет,требуется,80 88 93 ,261,10,271,Возможен,
44,149-719-942-22,5 ,да,,нет,требуется,88 83 89 ,260,10,270,Возможен,
45,158-789-270-41,2 ,да,,нет,требуется,82 93 85 ,260,10,270,Возможен,
46,196-245-742-04,1 ,да,,нет,"требуется, отказано",82 83 95 ,260,10,270,Возможен,
47,136-195-305-59,5 ,да,,нет,требуется,80 93 97 ,270,0,270,Возможен,
48,162-105-315-12,4 ,,,нет,требуется,80 85 95 ,260,10,270,Возможен,
49,169-775-814-45,3 ,да,,нет,не требуется,80 80 100 ,260,10,270,Возможен,
50,174-698-162-21,1 ,да,,нет,требуется,84 90 95 ,269,0,269,,Преим. право
51,181-635-032-58,5 ,да,,нет,не требуется,82 90 87 ,259,10,269,,
52,171-863-103-67,9 ,да,,да,не требуется,90 88 87 ,265,3,268,,Рассматривается к зачислению
53,164-814-200-59,4 ,да,,нет,требуется,90 83 85 ,258,10,268,,
54,156-968-947-47,2 ,да,,нет,требуется,84 88 93 ,265,3,268,,
55,147-337-322-65,5 ,,,нет,требуется,74 95 89 ,258,10,268,,
56,153-928-420-81,2 ,,,нет,требуется,90 78 89 ,257,10,267,,
57,166-204-629-57,6 ,,,нет,не требуется,82 90 95 ,267,0,267,,
58,169-210-825-69,3 ,,,нет,требуется,80 90 87 ,257,10,267,,
59,203-300-374-84,1 ,,,нет,требуется,80 90 87 ,257,10,267,,
60,166-097-154-88,5 ,,,нет,требуется,78 88 91 ,257,10,267,,
61,173-304-944-58,5 ,,,да,не требуется,76 83 100 ,259,8,267,,Рассматривается к зачислению
62,183-898-795-61,4 ,,,да,не требуется,74 88 95 ,257,10,267,,Рассматривается к зачислению
63,161-201-428-03,4 ,,,нет,требуется,72 85 100 ,257,10,267,,
64,160-416-982-54,5 ,,,нет,требуется,86 90 87 ,263,3,266,,
65,166-411-475-62,3 ,,,нет,не требуется,82 85 89 ,256,10,266,,
66,164-405-154-45,4 ,,,нет,не требуется,80 83 93 ,256,10,266,,
67,170-081-678-48,2 ,,,да,требуется,78 95 83 ,256,10,266,,Рассматривается к зачислению
68,171-046-058-33,3 ,,,нет,не требуется,76 83 97 ,256,10,266,,
69,172-929-419-00,5 ,,,нет,требуется,76 83 97 ,256,10,266,,
70,136-582-622-76,3 ,,,нет,не требуется,72 93 91 ,256,10,266,,
71,178-970-076-28,2 ,,,нет,не требуется,72 93 91 ,256,10,266,,
72,171-721-691-64,5 ,,,нет,не требуется,82 80 93 ,255,10,265,,
73,205-651-851-52,4 ,,,нет,требуется,78 98 89 ,265,0,265,,
74,201-580-928-33,5 ,,,нет,требуется,78 88 89 ,255,10,265,,
75,146-385-611-81,6 ,,,нет,требуется,80 98 83 ,261,3,264,,
76,169-902-371-04,4 ,,,нет,не требуется,80 93 91 ,264,0,264,,
77,165-727-684-08,5 ,,,нет,не требуется,80 83 91 ,254,10,264,,
78,163-124-658-45,4 ,,,нет,требуется,78 85 91 ,254,10,264,,
79,168-737-169-20,2 ,,,нет,требуется,78 85 91 ,254,10,264,,
80,168-438-293-09,4 ,,,да,не требуется,76 85 93 ,254,10,264,,Рассматривается к зачислению
81,181-253-685-67,3 ,,,нет,не требуется,88 80 85 ,253,10,263,,
82,188-531-731-04,1 ,,,нет,требуется,88 75 100 ,263,0,263,,
83,176-458-486-20,3 ,,,нет,не требуется,84 83 93 ,260,3,263,,
84,158-150-323-51,5 ,,,нет,требуется,82 88 83 ,253,10,263,,
85,152-016-629-22,6 ,,,нет,требуется,82 80 91 ,253,10,263,,
86,150-601-310-00,2 ,,,нет,требуется,80 80 93 ,253,10,263,,
87,175-157-982-02,5 ,,,нет,не требуется,80 80 93 ,253,10,263,,
88,171-736-886-98,2 ,,,нет,не требуется,76 80 97 ,253,10,263,,
89,186-945-709-37,3 ,,,нет,не требуется,76 80 97 ,253,10,263,,
90,156-930-056-75,4 ,,,нет,требуется,86 85 91 ,262,0,262,,
91,196-341-193-88,8 ,,,да,не требуется,86 83 83 ,252,10,262,,Рассматривается к зачислению
92,199-538-565-51,3 ,,,нет,требуется,86 75 91 ,252,10,262,,
93,165-484-806-00,3 ,,,нет,требуется,80 83 89 ,252,10,262,,
94,171-316-381-44,4 ,,,нет,"требуется, отказано",78 83 91 ,252,10,262,,
95,159-562-215-92,1 ,,да,да,требуется,74 93 85 ,252,10,262,,Рассматривается к зачислению
96,138-651-236-71,3 ,,,нет,требуется,74 85 93 ,252,10,262,,
97,153-655-240-64,5 ,,,нет,требуется,74 83 95 ,252,10,262,,
98,186-251-281-78,3 ,,,нет,не требуется,90 80 81 ,251,10,261,,
99,189-053-102-77,6 ,,,нет,требуется,80 88 93 ,261,0,261,,
100,154-208-742-51,1 ,,,нет,"требуется, отказано",80 80 91 ,251,10,261,,
101,162-255-906-60,3 ,,,нет,требуется,80 78 93 ,251,10,261,,
102,165-469-396-13,1 ,,,нет,не требуется,80 78 93 ,251,10,261,,
103,186-527-660-11,5 ,,,нет,не требуется,76 80 95 ,251,10,261,,
104,160-300-549-06,5 ,,,нет,требуется,74 88 89 ,251,10,261,,
105,187-628-638-30,3 ,,,нет,не требуется,74 88 89 ,251,10,261,,
106,160-963-230-64,4 ,,,нет,требуется,86 95 79 ,260,0,260,,
107,157-724-260-83,8 ,,,нет,требуется,86 85 89 ,260,0,260,,
108,167-558-172-10,5 ,,,нет,требуется,86 75 89 ,250,10,260,,
109,163-045-321-31,4 ,,,нет,требуется,82 83 95 ,260,0,260,,
110,145-460-591-63,3 ,,,нет,требуется,80 78 93 ,251,9,260,,
111,152-259-015-42,2 ,,,нет,не требуется,78 83 89 ,250,10,260,,
112,138-042-855-55,2 ,,,нет,"требуется, отказано",76 85 89 ,250,10,260,,
113,184-145-720-71,5 ,,,нет,не требуется,76 85 89 ,250,10,260,,
114,187-716-725-21,3 ,,,нет,требуется,72 85 93 ,250,10,260,,
115,169-365-772-23,5 ,,,нет,не требуется,92 88 79 ,259,0,259,,
116,162-749-647-00,4 ,,,нет,не требуется,86 78 95 ,259,0,259,,
117,157-451-780-87,3 ,,,нет,требуется,84 90 85 ,259,0,259,,
118,168-106-267-67,1 ,,,нет,требуется,84 90 85 ,259,0,259,,
119,194-638-416-10,4 ,,,нет,требуется,84 83 89 ,256,3,259,,
120,175-685-964-37,2 ,,,нет,требуется,84 78 87 ,249,10,259,,
121,169-169-933-26,3 ,,,нет,требуется,82 80 87 ,249,10,259,,
122,184-058-088-81,7 ,,,нет,не требуется,80 88 91 ,259,0,259,,
123,168-891-073-25,2 ,,,нет,не требуется,80 80 89 ,249,10,259,,
124,142-403-017-00,4 ,,,нет,требуется,80 78 91 ,249,10,259,,
125,181-066-705-59,3 ,,,да,не требуется,78 83 95 ,256,3,259,,Рассматривается к зачислению
126,167-032-577-64,2 ,,,нет,требуется,78 78 93 ,249,10,259,,
127,159-482-922-15,4 ,,,нет,требуется,74 88 87 ,249,10,259,,
128,172-308-931-62,4 ,,,нет,не требуется,86 72 97 ,255,3,258,,
129,169-660-855-23,2 ,,,нет,не требуется,84 80 91 ,255,3,258,,
130,181-323-285-46,4 ,,,нет,не требуется,82 83 83 ,248,10,258,,
131,187-463-461-11,4 ,,,нет,не требуется,80 90 85 ,255,3,258,,
132,179-509-183-14,2 ,,,нет,не требуется,80 83 85 ,248,10,258,,
133,187-361-092-93,3 ,,,нет,не требуется,78 88 89 ,255,3,258,,
134,177-113-023-43,5 ,,,нет,не требуется,76 85 97 ,258,0,258,,
135,150-087-938-57,5 ,,,нет,требуется,76 85 87 ,248,10,258,,
136,186-377-921-26,5 ,,,нет,не требуется,72 85 91 ,248,10,258,,
137,167-847-214-12,4 ,,,нет,не требуется,100 64 93 ,257,0,257,,
138,184-009-567-70,5 ,,,нет,требуется,90 88 79 ,257,0,257,,
139,174-829-101-90,1 ,,,нет,требуется,86 90 81 ,257,0,257,,
140,199-258-967-57,7 ,,,нет,требуется,86 88 83 ,257,0,257,,
141,193-924-020-85,3 ,,,нет,не требуется,84 78 95 ,257,0,257,,
142,187-419-028-98,6 ,,,нет,не требуется,80 90 87 ,257,0,257,,
143,190-579-741-10,4 ,,,нет,требуется,80 80 97 ,257,0,257,,
144,167-842-095-03,6 ,,,нет,"требуется, отказано",78 90 89 ,257,0,257,,
145,181-693-830-01,5 ,,,да,не требуется,78 88 89 ,255,2,257,,Рассматривается к зачислению
146,164-458-021-70,4 ,,,нет,требуется,78 88 81 ,247,10,257,,
147,209-330-766-52,5 ,,,да,требуется,78 83 93 ,254,3,257,,Рассматривается к зачислению
148,143-125-904-28,2 ,,,нет,"требуется, отказано",76 90 89 ,255,2,257,,
149,204-223-906-12,9 ,,,нет,не требуется,74 85 95 ,254,3,257,,
150,184-531-584-84,2 ,,,нет,требуется,72 80 95 ,247,10,257,,
151,165-667-594-21,3 ,,,да,требуется,72 78 97 ,247,10,257,,Рассматривается к зачислению
152,186-028-636-86,4 ,,,нет,не требуется,72 78 97 ,247,10,257,,
153,158-695-437-29,4 ,,,нет,не требуется,80 80 93 ,253,3,256,,
154,167-126-095-68,5 ,,,нет,требуется,80 75 91 ,246,10,256,,
155,161-565-425-64,9 ,,,нет,не требуется,78 75 93 ,246,10,256,,
156,176-198-012-93,1 ,,,нет,требуется,76 75 95 ,246,10,256,,
157,184-667-086-15,2 ,,,да,не требуется,74 75 97 ,246,10,256,,Рассматривается к зачислению
158,184-512-517-67,5 ,,,нет,не требуется,84 80 91 ,255,0,255,,
159,198-126-599-17,3 ,,,да,не требуется,82 88 85 ,255,0,255,,Рассматривается к зачислению
160,186-578-792-51,3 ,,,да,не требуется,80 93 82 ,255,0,255,,Рассматривается к зачислению
161,157-414-136-57,4 ,,,нет,требуется,80 88 87 ,255,0,255,,
162,173-605-670-73,5 ,,,нет,требуется,78 83 94 ,255,0,255,,
163,161-852-866-86,5 ,,,нет,требуется,78 80 87 ,245,10,255,,
164,157-708-737-04,4 ,,,нет,требуется,78 78 89 ,245,10,255,,
165,189-178-878-53,2 ,,,нет,не требуется,74 88 93 ,255,0,255,,
166,179-715-739-29,5 ,,,нет,не требуется,74 80 91 ,245,10,255,,
167,176-761-808-13,5 ,,,нет,не требуется,74 75 96 ,245,10,255,,
168,168-104-511-52,2 ,,,нет,требуется,72 95 85 ,252,3,255,,
169,178-968-819-70,5 ,,,да,не требуется,72 78 95 ,245,10,255,,Рассматривается к зачислению
170,201-716-732-24,5 ,,,да,не требуется,72 78 95 ,245,10,255,,Рассматривается к зачислению
171,142-437-224-35,2 ,,,да,не требуется,70 78 97 ,245,10,255,,Рассматривается к зачислению
172,172-122-447-29,5 ,,,нет,требуется,82 85 87 ,254,0,254,,
173,190-960-382-91,2 ,,,нет,"требуется, отказано",82 75 87 ,244,10,254,,
174,208-751-677-83,2 ,,,нет,не требуется,80 83 91 ,254,0,254,,
175,164-458-020-69,5 ,,,нет,не требуется,80 75 89 ,244,10,254,,
176,168-166-344-93,4 ,,,нет,требуется,80 75 89 ,244,10,254,,
177,188-213-765-95,2 ,,,да,не требуется,78 85 83 ,246,8,254,,Рассматривается к зачислению
178,201-487-331-32,3 ,,,нет,не требуется,78 85 81 ,244,10,254,,
179,165-332-837-69,7 ,,,да,требуется,78 83 83 ,244,10,254,,Рассматривается к зачислению
180,175-364-220-73,2 ,,,да,не требуется,76 85 93 ,254,0,254,,Рассматривается к зачислению
181,135-102-689-24,5 ,,,нет,требуется,76 83 85 ,244,10,254,,Преим. право
182,175-410-177-52,5 ,,,нет,требуется,76 75 100 ,251,3,254,,
183,194-340-285-73,7 ,,,нет,требуется,72 90 89 ,251,3,254,,
184,156-602-858-76,3 ,,,нет,требуется,72 83 89 ,244,10,254,,
185,184-403-133-48,2 ,,,нет,не требуется,84 78 91 ,253,0,253,,
186,204-995-912-95,4 ,,,нет,требуется,84 75 91 ,250,3,253,,
187,165-441-614-63,5 ,,,да,требуется,80 88 85 ,253,0,253,,Рассматривается к зачислению
188,196-983-468-59,4 ,,,нет,требуется,76 72 95 ,243,10,253,,
189,188-136-760-05,4 ,,,да,не требуется,74 80 89 ,243,10,253,,Рассматривается к зачислению
190,174-742-414-80,3 ,,,нет,требуется,74 78 91 ,243,10,253,,
191,184-293-769-10,7 ,,,нет,не требуется,72 83 93 ,248,5,253,,
192,179-962-858-60,6 ,,,нет,не требуется,70 88 95 ,253,0,253,,
193,186-185-676-17,2 ,,,да,не требуется,84 83 85 ,252,0,252,,Рассматривается к зачислению
194,195-184-600-95,5 ,,,нет,требуется,82 83 77 ,242,10,252,,
195,178-071-697-01,4 ,,,нет,не требуется,80 72 97 ,249,3,252,,
196,179-902-927-26,7 ,,,нет,не требуется,78 85 89 ,252,0,252,,
197,186-508-532-99,1 ,,,нет,не требуется,78 85 89 ,252,0,252,,
198,209-330-206-25,4 ,,,нет,не требуется,78 85 89 ,252,0,252,,
199,181-059-213-51,3 ,,,нет,не требуется,76 80 93 ,249,3,252,,
200,148-549-936-20,4 ,,,нет,не требуется,74 85 83 ,242,10,252,,
201,204-521-543-15,3 ,,,нет,требуется,74 85 83 ,242,10,252,,
202,200-125-367-82,3 ,,,нет,требуется,72 83 87 ,242,10,252,,
203,175-715-479-00,4 ,,,нет,не требуется,72 75 95 ,242,10,252,,
204,188-037-613-94,4 ,,,нет,требуется,70 85 87 ,242,10,252,,
205,187-908-420-22,3 ,,,да,не требуется,70 83 89 ,242,10,252,,Рассматривается к зачислению
206,142-722-013-19,3 ,,,нет,требуется,70 75 100 ,245,7,252,,
207,206-914-139-52,1 ,,да,да,не требуется,64 80 98 ,242,10,252,,Рассматривается к зачислению
208,164-951-638-99,3 ,,,нет,не требуется,84 78 89 ,251,0,251,,
209,187-362-349-02,1 ,,,нет,не требуется,82 80 89 ,251,0,251,,
210,167-252-394-81,8 ,,,нет,требуется,80 78 93 ,251,0,251,,
211,184-597-076-22,4 ,,,нет,не требуется,78 85 85 ,248,3,251,,
212,166-086-345-84,2 ,,,да,требуется,76 95 70 ,241,10,251,,Рассматривается к зачислению
213,170-545-255-55,4 ,,,нет,требуется,76 80 85 ,241,10,251,,
214,171-459-597-96,4 ,,,нет,требуется,76 80 85 ,241,10,251,,
215,185-368-831-17,3 ,,,да,не требуется,76 80 85 ,241,10,251,,Рассматривается к зачислению
216,168-672-116-01,2 ,,,нет,не требуется,76 78 87 ,241,10,251,,
217,180-834-466-81,2 ,,,нет,не требуется,74 88 89 ,251,0,251,,
218,138-421-141-38,4 ,,,нет,требуется,74 80 97 ,251,0,251,,
219,173-473-071-71,4 ,,,нет,не требуется,74 78 89 ,241,10,251,,
220,151-995-614-98,8 ,,,нет,не требуется,72 78 91 ,241,10,251,,
221,165-026-933-61,4 ,,,нет,требуется,72 78 91 ,241,10,251,,
222,185-389-421-17,4 ,,,да,требуется,70 93 85 ,248,3,251,,Рассматривается к зачислению
223,188-701-289-04,2 ,,,да,не требуется,70 83 95 ,248,3,251,,Рассматривается к зачислению
224,168-964-773-49,3 ,,,нет,не требуется,70 80 91 ,241,10,251,,
225,184-304-121-42,6 ,,,нет,не требуется,70 80 91 ,241,10,251,,
226,181-086-970-84,2 ,,,нет,требуется,68 85 93 ,246,5,251,,
227,210-512-909-04,5 ,,,нет,не требуется,92 85 73 ,250,0,250,,
228,197-877-152-54,2 ,,,нет,не требуется,82 85 83 ,250,0,250,,
229,186-435-870-10,1 ,,,нет,не требуется,82 75 87 ,244,6,250,,
230,184-785-915-35,1 ,,да,да,не требуется,76 83 91 ,250,0,250,,Рассматривается к зачислению
231,158-651-598-09,4 ,,,нет,не требуется,76 80 91 ,247,3,250,,
232,168-806-405-00,5 ,,,да,не требуется,76 80 91 ,247,3,250,,Рассматривается к зачислению
233,165-164-051-54,4 ,,,да,не требуется,74 83 83 ,240,10,250,,Рассматривается к зачислению
234,154-214-437-34,5 ,,,да,не требуется,74 80 93 ,247,3,250,,Рассматривается к зачислению
235,184-510-110-40,2 ,,,нет,не требуется,72 75 95 ,242,8,250,,
236,159-778-989-71,2 ,,,нет,не требуется,72 75 93 ,240,10,250,,
237,191-535-442-74,4 ,,,нет,требуется,70 83 97 ,250,0,250,,
238,158-940-199-07,3 ,,,нет,требуется,70 83 87 ,240,10,250,,
239,188-355-653-21,4 ,,,да,не требуется,70 80 95 ,245,5,250,,Рассматривается к зачислению
240,173-889-851-43,2 ,,,нет,не требуется,88 72 89 ,249,0,249,,
241,148-382-802-88,7 ,,,нет,требуется,82 80 87 ,249,0,249,,
242,171-768-596-13,2 ,,,нет,не требуется,82 72 85 ,239,10,249,,
243,161-809-270-67,3 ,,,нет,требуется,80 88 81 ,249,0,249,,
244,181-510-263-35,3 ,,,нет,не требуется,80 80 89 ,249,0,249,,
245,184-400-646-56,3 ,,,да,не требуется,80 78 91 ,249,0,249,,Рассматривается к зачислению
246,171-990-043-81,3 ,,,нет,требуется,78 88 81 ,247,2,249,,
247,164-764-583-05,5 ,,,нет,не требуется,76 80 93 ,249,0,249,,
248,203-372-262-19,4 ,,,нет,не требуется,76 80 93 ,249,0,249,,
249,158-676-430-16,5 ,,,нет,требуется,74 80 95 ,249,0,249,,
250,159-087-652-08,3 ,,,нет,требуется,74 80 85 ,239,10,249,,
251,180-602-016-24,7 ,,,нет,не требуется,72 90 87 ,249,0,249,,
252,171-599-398-16,2 ,,,нет,требуется,72 83 91 ,246,3,249,,
253,144-629-033-59,4 ,,,нет,требуется,72 70 97 ,239,10,249,,
254,137-126-412-37,2 ,,,нет,требуется,70 88 91 ,249,0,249,,
255,135-477-698-98,3 ,,,нет,требуется,70 80 89 ,239,10,249,,
256,143-364-630-49,4 ,,,нет,требуется,70 78 91 ,239,10,249,,
257,158-412-679-82,5 ,,,нет,требуется,68 88 93 ,249,0,249,,
258,157-274-958-04,2 ,,,нет,требуется,78 83 87 ,248,0,248,,
259,149-848-254-22,4 ,,,нет,требуется,78 83 77 ,238,10,248,,
260,171-138-576-59,2 ,,,нет,требуется,78 67 93 ,238,10,248,,
261,179-015-719-84,2 ,,,нет,не требуется,76 83 89 ,248,0,248,,
262,158-321-933-72,4 ,,,нет,требуется,76 83 79 ,238,10,248,,
263,188-079-970-39,4 ,,,нет,не требуется,76 75 87 ,238,10,248,,
264,192-825-020-76,4 ,,,нет,требуется,76 75 87 ,238,10,248,,
265,197-641-211-98,3 ,,,нет,требуется,74 80 94 ,248,0,248,,
266,203-490-112-14,5 ,,,нет,требуется,74 78 93 ,245,3,248,,
267,195-336-978-20,2 ,,,нет,требуется,72 88 85 ,245,3,248,,
268,192-586-672-21,2 ,,,да,не требуется,72 83 93 ,248,0,248,,Рассматривается к зачислению
269,187-299-098-39,3 ,,,нет,не требуется,72 75 91 ,238,10,248,,
270,165-536-090-78,4 ,,,нет,не требуется,64 88 93 ,245,3,248,,
271,160-183-267-39,7 ,,,нет,требуется,82 72 93 ,247,0,247,,
272,183-851-350-89,2 ,,,да,не требуется,80 80 87 ,247,0,247,,Рассматривается к зачислению
273,144-270-855-54,3 ,,,нет,не требуется,80 80 77 ,237,10,247,,
274,186-507-763-07,4 ,,,нет,не требуется,80 72 95 ,247,0,247,,
275,195-692-145-19,4 ,,,нет,требуется,78 90 77 ,245,2,247,,
276,166-479-756-29,4 ,,,да,не требуется,78 80 89 ,247,0,247,,Рассматривается к зачислению
277,174-132-052-33,3 ,,,нет,не требуется,78 80 89 ,247,0,247,,
278,169-186-536-15,3 ,,,нет,не требуется,78 70 89 ,237,10,247,,
279,181-187-942-90,5 ,,,нет,требуется,76 88 83 ,247,0,247,,
280,138-383-511-76,4 ,,,нет,требуется,76 83 85 ,244,3,247,,
281,203-866-727-72,1 ,,,нет,не требуется,74 78 85 ,237,10,247,,
282,193-013-389-52,4 ,,,нет,не требуется,72 78 95 ,245,2,247,,
283,184-451-975-99,3 ,,,нет,не требуется,72 78 87 ,237,10,247,,
284,188-373-358-19,4 ,,,нет,не требуется,66 80 91 ,237,10,247,,
285,166-279-134-94,4 ,,,нет,не требуется,80 80 83 ,243,3,246,,
286,180-618-065-62,4 ,,,нет,не требуется,80 75 91 ,246,0,246,,
287,157-126-198-66,6 ,,,нет,требуется,78 83 85 ,246,0,246,,
288,186-251-261-74,6 ,,,нет,не требуется,76 90 72 ,238,8,246,,
289,207-621-250-32,3 ,,,нет,требуется,76 85 85 ,246,0,246,,
290,137-399-008-88,3 ,,,нет,требуется,76 83 85 ,244,2,246,,
291,141-387-156-52,5 ,,,да,требуется,76 75 85 ,236,10,246,,Рассматривается к зачислению
292,191-440-510-48,4 ,,,нет,не требуется,74 83 89 ,246,0,246,,
293,165-141-385-51,5 ,,,нет,не требуется,74 80 92 ,246,0,246,,
294,163-552-311-52,2 ,,,нет,требуется,74 78 91 ,243,3,246,,
295,178-993-957-74,1 ,,да,да,требуется,74 78 91 ,243,3,246,,Рассматривается к зачислению
296,158-053-037-54,4 ,,,нет,требуется,74 67 95 ,236,10,246,,
297,150-682-062-46,2 ,,да,да,не требуется,72 85 89 ,246,0,246,,Рассматривается к зачислению
298,201-691-261-28,1 ,,,нет,"требуется, отказано",72 80 91 ,243,3,246,,
299,186-614-176-94,2 ,,,нет,не требуется,72 75 89 ,236,10,246,,
300,186-317-129-81,4 ,,,нет,не требуется,66 83 97 ,246,0,246,,
301,168-918-393-32,5 ,,,нет,не требуется,66 70 100 ,236,10,246,,
302,185-573-165-03,3 ,,,нет,не требуется,90 83 72 ,245,0,245,,
303,158-502-134-55,8 ,,,нет,требуется,84 70 81 ,235,10,245,,
304,165-630-283-67,9 ,,,нет,"требуется, отказано",82 70 83 ,235,10,245,,
305,204-923-519-47,8 ,,,нет,требуется,78 80 87 ,245,0,245,,
306,142-702-940-39,2 ,,,нет,требуется,78 72 85 ,235,10,245,,
307,158-076-821-92,8 ,,,нет,не требуется,78 70 87 ,235,10,245,,
308,178-014-649-76,1 ,,,нет,не требуется,78 64 93 ,235,10,245,,
309,181-490-207-61,8 ,,,нет,требуется,76 88 81 ,245,0,245,,
310,162-821-947-74,7 ,,,да,не требуется,76 80 89 ,245,0,245,,Рассматривается к зачислению
311,194-110-545-47,7 ,,,нет,не требуется,76 80 89 ,245,0,245,,
312,164-770-260-79,4 ,,,нет,не требуется,76 78 81 ,235,10,245,,
313,163-906-386-86,5 ,,,нет,не требуется,76 75 91 ,242,3,245,,
314,175-262-591-83,4 ,,,нет,требуется,76 64 95 ,235,10,245,,
315,186-436-688-18,2 ,,,нет,не требуется,74 88 83 ,245,0,245,,
316,175-175-909-96,4 ,,,нет,требуется,74 78 91 ,243,2,245,,
317,140-214-512-93,6 ,,,нет,не требуется,74 75 93 ,242,3,245,,
318,181-939-620-05,3 ,,,нет,не требуется,72 90 83 ,245,0,245,,
319,169-535-885-28,5 ,,,нет,не требуется,72 83 87 ,242,3,245,,
320,190-564-363-80,1 ,,,нет,не требуется,72 78 85 ,235,10,245,,
321,187-104-359-71,3 ,,,нет,не требуется,70 80 85 ,235,10,245,,Преим. право
322,185-751-466-07,4 ,,,нет,"требуется, отказано",70 80 85 ,235,10,245,,
323,190-798-281-21,1 ,,,нет,не требуется,70 78 97 ,245,0,245,,
324,210-288-383-37,4 ,,,нет,не требуется,70 78 87 ,235,10,245,,
325,183-735-961-09,5 ,,,нет,не требуется,68 88 89 ,245,0,245,,
326,183-600-467-60,5 ,,,да,не требуется,68 85 89 ,242,3,245,,Рассматривается к зачислению
327,165-298-016-88,4 ,,,нет,требуется,92 80 70 ,242,2,244,,
328,173-316-122-41,3 ,,,нет,не требуется,80 83 81 ,244,0,244,,
329,202-404-120-79,6 ,,,нет,не требуется,80 83 73 ,236,8,244,,
330,204-217-504-09,4 ,,,нет,требуется,78 88 78 ,244,0,244,,
331,179-466-858-46,1 ,,,нет,не требуется,78 75 81 ,234,10,244,,
332,170-478-750-86,5 ,,,нет,требуется,76 83 83 ,242,2,244,,
333,170-038-530-32,2 ,,,нет,"требуется, отказано",76 83 75 ,234,10,244,,
334,180-317-367-51,3 ,,,нет,не требуется,76 75 83 ,234,10,244,,
335,185-755-487-28,3 ,,,да,не требуется,74 75 85 ,234,10,244,,Рассматривается к зачислению
336,197-960-644-42,3 ,,,нет,не требуется,72 75 97 ,244,0,244,,
337,144-272-564-54,7 ,,,нет,требуется,72 75 89 ,236,8,244,,
338,194-458-680-22,4 ,,,нет,не требуется,84 72 85 ,241,2,243,,
339,185-868-926-53,4 ,,,нет,не требуется,82 78 83 ,243,0,243,,
340,185-369-156-09,2 ,,,нет,не требуется,82 70 91 ,243,0,243,,
341,169-860-405-13,4 ,,,нет,требуется,80 88 72 ,240,3,243,,
342,187-957-466-57,2 ,,,да,не требуется,78 78 87 ,243,0,243,,Рассматривается к зачислению
343,157-522-813-74,5 ,,,нет,требуется,78 72 83 ,233,10,243,,
344,167-452-720-87,3 ,,,нет,требуется,78 72 83 ,233,10,243,,
345,163-890-236-88,2 ,,,нет,не требуется,78 70 95 ,243,0,243,,
346,151-498-057-73,3 ,,,нет,не требуется,76 78 89 ,243,0,243,,
347,185-436-695-10,4 ,,,нет,не требуется,76 72 95 ,243,0,243,,
348,163-078-006-50,7 ,,,нет,требуется,76 72 85 ,233,10,243,,
349,164-382-243-67,2 ,,,нет,требуется,76 67 100 ,243,0,243,,
350,194-277-603-03,2 ,,,нет,требуется,74 88 81 ,243,0,243,,
351,183-807-885-13,3 ,,,нет,не требуется,74 80 89 ,243,0,243,,
352,189-092-339-11,4 ,,,нет,не требуется,74 80 79 ,233,10,243,,
353,174-166-476-84,3 ,,,нет,не требуется,74 78 81 ,233,10,243,,
354,138-285-182-81,5 ,,,нет,требуется,74 75 91 ,240,3,243,,
355,164-918-756-11,4 ,,,нет,не требуется,74 72 87 ,233,10,243,,
356,171-141-961-41,3 ,,,нет,не требуется,72 83 85 ,240,3,243,,
357,167-520-820-73,6 ,,,нет,"требуется, отказано",72 80 91 ,243,0,243,,
358,174-539-352-94,4 ,,,нет,не требуется,72 78 93 ,243,0,243,,
359,178-423-845-02,5 ,,,да,не требуется,72 78 83 ,233,10,243,,Рассматривается к зачислению
360,157-899-549-57,4 ,,,нет,не требуется,72 72 89 ,233,10,243,,
361,142-089-474-60,5 ,,,нет,требуется,72 70 91 ,233,10,243,,
362,152-173-902-44,7 ,,,нет,не требуется,72 70 91 ,233,10,243,,
363,195-355-186-02,4 ,,,нет,не требуется,70 80 93 ,243,0,243,,
364,181-425-072-49,4 ,,,нет,не требуется,70 72 91 ,233,10,243,,
365,168-456-294-12,2 ,,,нет,не требуется,66 80 97 ,243,0,243,,
366,169-289-498-44,5 ,,,нет,"требуется, отказано",80 83 79 ,242,0,242,,
367,186-165-683-06,4 ,,,нет,не требуется,78 83 81 ,242,0,242,,
368,186-596-315-28,4 ,,,нет,не требуется,76 80 83 ,239,3,242,,
369,154-649-922-00,2 ,,,нет,требуется,74 85 83 ,242,0,242,,Преим. право
370,165-429-843-96,5 ,,,нет,требуется,74 85 83 ,242,0,242,,
371,191-412-940-59,4 ,,,нет,не требуется,74 83 85 ,242,0,242,,
372,175-534-160-75,4 ,,,нет,не требуется,74 80 85 ,239,3,242,,
373,182-759-698-32,4 ,,,нет,не требуется,74 78 87 ,239,3,242,,
374,162-634-694-77,3 ,,,нет,не требуется,74 75 93 ,242,0,242,,
375,184-119-432-67,3 ,,,нет,не требуется,74 72 93 ,239,3,242,,
376,167-617-439-00,4 ,,,нет,не требуется,74 70 95 ,239,3,242,,
377,186-599-246-44,1 ,,,нет,не требуется,72 83 87 ,242,0,242,,
378,185-730-775-03,2 ,,,нет,требуется,72 78 89 ,239,3,242,,
379,149-320-640-57,5 ,,,нет,требуется,70 85 87 ,242,0,242,,
380,165-477-929-17,4 ,,,да,не требуется,70 85 87 ,242,0,242,,Рассматривается к зачислению
381,186-578-492-42,3 ,,,нет,не требуется,70 85 87 ,242,0,242,,
382,184-652-550-94,8 ,,,нет,не требуется,70 83 89 ,242,0,242,,
383,142-496-881-88,4 ,,,нет,не требуется,70 83 79 ,232,10,242,,
384,173-494-707-98,3 ,,,нет,не требуется,70 75 87 ,232,10,242,,
385,166-748-995-41,2 ,,,нет,не требуется,68 85 89 ,242,0,242,,
386,203-585-146-45,4 ,,,нет,не требуется,66 85 91 ,242,0,242,,
387,184-268-181-94,6 ,,,нет,не требуется,66 83 93 ,242,0,242,,
388,182-968-714-28,1 ,,да,да,не требуется,66 83 83 ,232,10,242,,Рассматривается к зачислению
389,177-629-062-08,6 ,,,нет,не требуется,82 80 79 ,241,0,241,,
390,191-337-348-73,4 ,,,нет,не требуется,82 70 89 ,241,0,241,,
391,158-483-449-08,3 ,,,нет,требуется,80 78 83 ,241,0,241,,
392,171-253-017-29,2 ,,,нет,требуется,78 88 75 ,241,0,241,,
393,137-127-516-48,3 ,,,нет,не требуется,78 75 88 ,241,0,241,,
394,173-192-559-78,2 ,,,нет,не требуется,78 75 81 ,234,7,241,,Преим. право
395,190-665-765-03,4 ,,,нет,не требуется,76 78 87 ,241,0,241,,
396,191-959-134-14,2 ,,,нет,требуется,76 72 83 ,231,10,241,,
397,165-548-059-92,3 ,,,нет,не требуется,74 88 79 ,241,0,241,,
398,182-764-799-21,1 ,,,нет,не требуется,74 78 89 ,241,0,241,,
399,187-245-794-15,1 ,,,нет,не требуется,74 78 89 ,241,0,241,,
400,173-665-901-99,3 ,,,нет,не требуется,74 75 82 ,231,10,241,,
401,191-122-304-24,3 ,,,нет,не требуется,74 70 97 ,241,0,241,,
402,188-710-526-00,4 ,,,нет,не требуется,74 62 95 ,231,10,241,,
403,138-615-171-67,1 ,,,нет,не требуется,72 88 81 ,241,0,241,,
404,180-816-274-73,1 ,,,нет,не требуется,72 83 83 ,238,3,241,,
405,177-072-354-79,6 ,,,нет,требуется,72 80 89 ,241,0,241,,
406,180-916-922-88,5 ,,,нет,требуется,72 80 79 ,231,10,241,,
407,145-255-013-37,3 ,,,нет,не требуется,72 78 91 ,241,0,241,,
408,167-794-393-37,1 ,,,нет,не требуется,72 75 89 ,236,5,241,,
409,164-530-985-77,1 ,,,нет,требуется,72 72 87 ,231,10,241,,
410,156-802-637-77,3 ,,,нет,требуется,70 83 85 ,238,3,241,,
411,163-382-990-88,4 ,,,нет,требуется,70 80 91 ,241,0,241,,
412,184-743-694-13,2 ,,,да,не требуется,70 80 91 ,241,0,241,,Рассматривается к зачислению
413,193-875-439-30,3 ,,,нет,не требуется,70 80 91 ,241,0,241,,
414,175-324-242-59,1 ,,да,да,не требуется,70 78 93 ,241,0,241,,Рассматривается к зачислению
415,175-927-614-14,6 ,,,нет,требуется,68 80 93 ,241,0,241,,
416,190-590-416-75,1 ,,,нет,"требуется, отказано",68 75 95 ,238,3,241,,
417,181-340-889-66,4 ,,,нет,не требуется,68 70 100 ,238,3,241,,
418,184-136-235-62,1 ,,,нет,не требуется,64 88 89 ,241,0,241,,
419,174-263-458-76,3 ,,,нет,"требуется, отказано",86 70 81 ,237,3,240,,
420,168-655-895-39,4 ,,,нет,требуется,78 83 79 ,240,0,240,,
421,195-206-079-74,4 ,,,нет,не требуется,78 83 79 ,240,0,240,,
422,184-468-478-19,4 ,,,да,не требуется,78 75 87 ,240,0,240,,Рассматривается к зачислению
423,184-552-550-88,2 ,,,нет,не требуется,78 75 87 ,240,0,240,,
424,145-441-200-29,4 ,,,нет,требуется,78 72 87 ,237,3,240,,
425,202-047-735-11,1 ,,,нет,требуется,74 83 83 ,240,0,240,,
426,202-340-184-93,5 ,,,нет,не требуется,74 78 85 ,237,3,240,,Преим. право
427,186-723-961-17,2 ,,,нет,не требуется,74 70 87 ,231,9,240,,
428,178-671-675-31,3 ,,,нет,не требуется,74 67 95 ,236,4,240,,
429,171-169-686-83,1 ,,,нет,требуется,72 85 83 ,240,0,240,,
430,186-821-188-02,2 ,,,нет,не требуется,72 75 83 ,230,10,240,,
431,173-613-117-50,4 ,,,нет,не требуется,72 72 93 ,237,3,240,,
432,168-944-206-13,2 ,,,нет,не требуется,68 72 95 ,235,5,240,,
433,187-085-382-07,2 ,,,да,не требуется,66 85 89 ,240,0,240,,Рассматривается к зачислению
434,179-933-481-36,3 ,,,нет,не требуется,82 78 79 ,239,0,239,,
435,187-670-149-11,5 ,,,нет,требуется,78 80 81 ,239,0,239,,
436,160-386-223-51,2 ,,,нет,требуется,78 75 83 ,236,3,239,,
437,188-410-307-73,2 ,,,нет,требуется,76 90 73 ,239,0,239,,
438,165-106-207-34,4 ,,,нет,не требуется,76 83 75 ,234,5,239,,
439,174-155-643-72,2 ,,,нет,не требуется,76 72 91 ,239,0,239,,
440,184-061-149-54,4 ,,,нет,не требуется,74 78 87 ,239,0,239,,
441,188-625-458-23,4 ,,,нет,не требуется,74 78 87 ,239,0,239,,
442,184-468-041-95,1 ,,,нет,не требуется,72 85 82 ,239,0,239,,
443,151-922-074-45,5 ,,,нет,"требуется, отказано",72 78 89 ,239,0,239,,
444,169-730-846-13,2 ,,,нет,требуется,70 90 79 ,239,0,239,,
445,185-830-081-87,2 ,,,да,не требуется,70 80 89 ,239,0,239,,Рассматривается к зачислению
446,144-369-045-65,4 ,,,нет,не требуется,70 78 91 ,239,0,239,,
447,168-358-156-05,7 ,,,нет,не требуется,70 78 91 ,239,0,239,,
448,186-285-757-23,7 ,,,нет,не требуется,70 64 95 ,229,10,239,,
449,163-593-504-83,4 ,,,нет,требуется,68 88 83 ,239,0,239,,
450,166-021-544-39,1 ,,,нет,требуется,68 85 83 ,236,3,239,,
451,196-063-927-01,3 ,,,нет,не требуется,68 80 91 ,239,0,239,,
452,187-810-105-82,1 ,,,нет,не требуется,66 78 85 ,229,10,239,,
453,171-748-586-01,3 ,,,нет,не требуется,64 78 97 ,239,0,239,,
454,152-102-299-09,4 ,,,нет,не требуется,64 78 95 ,237,2,239,,
455,173-722-567-79,3 ,,,нет,не требуется,84 85 66 ,235,3,238,,
456,177-286-330-03,4 ,,,нет,требуется,84 64 87 ,235,3,238,,
457,175-452-801-81,5 ,,,нет,не требуется,80 85 73 ,238,0,238,,
458,159-434-961-05,1 ,,,нет,требуется,78 88 72 ,238,0,238,,
459,169-283-727-14,2 ,,,нет,не требуется,78 75 85 ,238,0,238,,
460,170-074-021-20,3 ,,,нет,не требуется,76 85 77 ,238,0,238,,
461,203-530-330-99,3 ,,,нет,не требуется,76 67 95 ,238,0,238,,
462,164-871-534-96,3 ,,,нет,не требуется,76 67 93 ,236,2,238,,
463,164-698-202-04,5 ,,,нет,требуется,74 75 79 ,228,10,238,,
464,165-799-306-28,3 ,,,нет,требуется,72 85 81 ,238,0,238,,
465,158-980-697-40,2 ,,,да,требуется,72 83 73 ,228,10,238,,Рассматривается к зачислению
466,164-427-182-67,2 ,,,нет,требуется,70 85 83 ,238,0,238,,
467,169-097-913-23,4 ,,,нет,"требуется, отказано",70 85 83 ,238,0,238,,
468,168-802-668-05,3 ,,,нет,не требуется,70 85 73 ,228,10,238,,
469,159-605-366-94,4 ,,,нет,требуется,70 83 83 ,236,2,238,,
470,156-967-806-31,8 ,,,нет,требуется,70 80 85 ,235,3,238,,
471,169-392-990-34,2 ,,да,да,не требуется,70 80 85 ,235,3,238,,Рассматривается к зачислению
472,184-208-384-73,1 ,,,нет,не требуется,70 80 85 ,235,3,238,,
473,171-785-027-84,1 ,,,нет,не требуется,70 78 87 ,235,3,238,,
474,165-973-138-08,3 ,,,нет,не требуется,70 78 85 ,233,5,238,,
475,190-194-654-79,1 ,,да,да,"требуется, отказано",68 83 87 ,238,0,238,,Рассматривается к зачислению
476,206-186-543-55,5 ,,,нет,не требуется,82 62 93 ,237,0,237,,
477,147-938-204-00,7 ,,,нет,требуется,80 78 79 ,237,0,237,,
478,181-234-644-52,3 ,,,нет,не требуется,80 70 87 ,237,0,237,,
479,184-710-843-82,5 ,,,нет,не требуется,78 72 79 ,229,8,237,,
480,203-281-753-28,5 ,,,нет,не требуется,76 80 81 ,237,0,237,,
481,187-012-990-79,1 ,,,нет,не требуется,76 70 91 ,237,0,237,,
482,191-347-042-63,1 ,,,нет,не требуется,76 64 87 ,227,10,237,,
483,169-598-609-52,3 ,,,нет,не требуется,74 78 75 ,227,10,237,,
484,195-498-479-50,5 ,,,нет,не требуется,72 72 85 ,229,8,237,,
485,164-866-567-19,4 ,,,нет,не требуется,72 72 83 ,227,10,237,,
486,136-432-647-54,3 ,,,нет,требуется,70 75 89 ,234,3,237,,
487,176-159-737-06,3 ,,,нет,не требуется,78 85 73 ,236,0,236,,
488,190-516-938-80,5 ,,,нет,не требуется,78 75 83 ,236,0,236,,
489,201-618-937-37,3 ,,,нет,не требуется,78 70 85 ,233,3,236,,
490,164-289-556-02,4 ,,,нет,требуется,76 80 77 ,233,3,236,,
491,185-354-706-93,3 ,,,нет,не требуется,76 75 85 ,236,0,236,,
492,187-373-638-17,1 ,,,нет,не требуется,74 85 77 ,236,0,236,,
493,155-798-442-23,4 ,,,нет,требуется,72 79 85 ,236,0,236,,
494,139-896-375-39,2 ,,,нет,не требуется,72 75 89 ,236,0,236,,
495,197-232-984-10,4 ,,,нет,требуется,72 67 87 ,226,10,236,,
496,155-613-713-62,2 ,,,нет,требуется,70 67 89 ,226,10,236,,
497,164-863-881-14,4 ,,,нет,требуется,68 80 85 ,233,3,236,,
498,187-601-923-95,1 ,,,нет,не требуется,68 78 85 ,231,5,236,,
499,187-100-997-79,3 ,,,нет,не требуется,66 78 87 ,231,5,236,,
500,184-841-752-04,7 ,,,нет,не требуется,66 70 97 ,233,3,236,,
501,201-126-433-86,2 ,,,нет,не требуется,64 83 89 ,236,0,236,,
502,179-484-024-14,2 ,,,нет,не требуется,82 75 73 ,230,5,235,,
503,160-660-725-52,5 ,,,нет,требуется,80 70 85 ,235,0,235,,
504,182-795-442-14,2 ,,,нет,не требуется,74 72 89 ,235,0,235,,
505,159-414-993-03,7 ,,,нет,требуется,72 90 73 ,235,0,235,,
506,185-664-149-08,3 ,,,нет,не требуется,72 78 85 ,235,0,235,,
507,139-074-228-64,3 ,,,нет,не требуется,72 72 91 ,235,0,235,,
508,195-329-259-03,4 ,,,нет,не требуется,70 80 85 ,235,0,235,,
509,2319180,5 ,,,нет,не требуется,70 72 93 ,235,0,235,,
510,186-887-820-57,2 ,,,нет,не требуется,68 80 87 ,235,0,235,,
511,187-317-112-79,2 ,,,нет,не требуется,68 80 87 ,235,0,235,,
512,203-961-712-51,1 ,,да,да,не требуется,68 78 89 ,235,0,235,,Рассматривается к зачислению
513,165-004-696-49,8 ,,,да,требуется,66 88 81 ,235,0,235,,Рассматривается к зачислению
514,153-940-658-79,1 ,,,нет,требуется,66 72 89 ,227,8,235,,
515,181-500-376-38,1 ,,,нет,не требуется,64 80 91 ,235,0,235,,
516,142-327-271-31,4 ,,,нет,"требуется, отказано",82 83 69 ,234,0,234,,
517,179-623-271-05,1 ,,,нет,не требуется,78 78 73 ,229,5,234,,
518,204-062-934-20,2 ,,,нет,требуется,76 83 75 ,234,0,234,,
519,169-877-873-70,5 ,,,нет,требуется,76 75 83 ,234,0,234,,
520,173-171-822-60,3 ,,,нет,не требуется,76 75 83 ,234,0,234,,
521,187-908-464-34,5 ,,,нет,не требуется,74 75 85 ,234,0,234,,
522,166-508-105-68,2 ,,,нет,требуется,74 75 75 ,224,10,234,,
523,182-235-813-62,4 ,,,нет,не требуется,72 85 77 ,234,0,234,,
524,166-095-587-00,4 ,,,нет,не требуется,72 75 87 ,234,0,234,,
525,178-419-249-07,2 ,,,нет,не требуется,70 75 89 ,234,0,234,,
526,171-016-569-36,1 ,,,нет,требуется,70 72 89 ,231,3,234,,
527,187-601-837-98,3 ,,да,да,не требуется,66 85 83 ,234,0,234,,Рассматривается к зачислению
528,159-605-128-82,4 ,,,нет,требуется,80 75 75 ,230,3,233,,
529,169-579-052-31,3 ,,,нет,не требуется,76 78 79 ,233,0,233,,
530,165-290-720-73,2 ,,,нет,не требуется,76 72 85 ,233,0,233,,
531,179-944-220-26,3 ,,,нет,не требуется,76 72 85 ,233,0,233,,
532,209-332-123-31,3 ,,да,да,не требуется,74 80 79 ,233,0,233,,Рассматривается к зачислению
533,171-537-908-79,3 ,,,нет,не требуется,74 72 77 ,223,10,233,,
534,165-095-074-74,3 ,,,нет,не требуется,72 78 83 ,233,0,233,,
535,170-024-136-05,5 ,,,нет,требуется,72 78 83 ,233,0,233,,
536,181-037-992-69,1 ,,,нет,не требуется,72 78 83 ,233,0,233,,
537,174-412-100-32,1 ,,,нет,требуется,66 88 69 ,223,10,233,,
538,184-124-338-55,3 ,,,нет,не требуется,64 80 87 ,231,2,233,,
539,171-107-679-46,3 ,,,да,не требуется,76 80 73 ,229,3,232,,Рассматривается к зачислениюПреим. право
540,185-961-966-39,4 ,,,нет,не требуется,76 75 81 ,232,0,232,,
541,141-264-696-47,3 ,,,нет,требуется,72 67 93 ,232,0,232,,Преим. право
542,164-272-331-55,5 ,,,нет,не требуется,68 78 81 ,227,5,232,,Преим. право
543,186-335-016-75,2 ,,,нет,не требуется,68 70 91 ,229,3,232,,
544,180-404-299-45,2 ,,,нет,не требуется,66 83 83 ,232,0,232,,
545,208-955-612-94,2 ,,,нет,не требуется,66 70 93 ,229,3,232,,
546,197-748-039-37,4 ,,,нет,не требуется,64 75 93 ,232,0,232,,
547,179-250-089-89,3 ,,,нет,не требуется,58 85 89 ,232,0,232,,
548,167-472-492-03,5 ,,,нет,не требуется,84 78 69 ,231,0,231,,
549,208-961-362-84,3 ,,,нет,требуется,80 72 79 ,231,0,231,,
550,169-440-597-02,3 ,,,нет,требуется,80 64 87 ,231,0,231,,
551,166-186-748-04,2 ,,,нет,не требуется,76 72 83 ,231,0,231,,
552,138-404-528-55,1 ,,,нет,требуется,76 70 85 ,231,0,231,,Преим. право
553,170-890-454-83,3 ,,,нет,требуется,76 70 75 ,221,10,231,,
554,194-030-227-40,5 ,,,нет,требуется,76 56 89 ,221,10,231,,
555,175-891-310-06,4 ,,,нет,не требуется,74 75 82 ,231,0,231,,
556,175-562-292-93,5 ,,,нет,не требуется,74 72 85 ,231,0,231,,
557,189-489-956-77,2 ,,,нет,не требуется,72 80 79 ,231,0,231,,
558,179-592-995-59,2 ,,,нет,не требуется,72 70 79 ,221,10,231,,
559,175-008-196-58,2 ,,,нет,не требуется,72 67 89 ,228,3,231,,
560,166-762-240-92,5 ,,,нет,требуется,70 85 73 ,228,3,231,,
561,177-577-391-33,2 ,,,нет,не требуется,70 75 83 ,228,3,231,,
562,191-245-866-81,1 ,,,нет,не требуется,68 67 93 ,228,3,231,,
563,160-299-692-87,2 ,,,нет,требуется,66 80 85 ,231,0,231,,
564,165-609-102-68,1 ,,,нет,не требуется,64 85 79 ,228,3,231,,
565,167-741-872-10,4 ,,,нет,не требуется,78 67 85 ,230,0,230,,
566,190-905-707-82,2 ,,да,да,не требуется,76 70 81 ,227,3,230,,Рассматривается к зачислению
567,146-275-746-84,4 ,,,нет,требуется,74 80 73 ,227,3,230,,
568,181-077-503-60,2 ,,,нет,не требуется,72 75 83 ,230,0,230,,
569,177-493-159-15,2 ,,,да,не требуется,72 75 75 ,222,8,230,,Рассматривается к зачислению
570,157-953-639-20,3 ,,,нет,требуется,72 70 85 ,227,3,230,,
571,187-244-730-96,9 ,,,нет,не требуется,72 70 85 ,227,3,230,,
572,164-641-752-77,2 ,,,нет,не требуется,68 83 79 ,230,0,230,,
573,201-146-045-88,2 ,,,нет,требуется,68 67 85 ,220,10,230,,
574,202-029-290-01,5 ,,,нет,требуется,68 62 97 ,227,3,230,,
575,199-527-938-51,1 ,,,нет,не требуется,68 59 93 ,220,10,230,,
576,194-770-136-00,2 ,,,да,не требуется,64 88 73 ,225,5,230,,Рассматривается к зачислению
577,198-226-079-04,5 ,,,нет,требуется,74 85 70 ,229,0,229,,
578,144-656-494-87,2 ,,,нет,не требуется,74 70 85 ,229,0,229,,
579,147-794-827-26,6 ,,,нет,требуется,72 78 79 ,229,0,229,,
580,166-243-528-69,3 ,,,нет,не требуется,72 72 85 ,229,0,229,,
581,177-896-996-80,2 ,,,нет,не требуется,70 70 89 ,229,0,229,,
582,164-163-961-72,1 ,,,нет,не требуется,70 59 95 ,224,5,229,,
583,197-830-109-03,3 ,,,нет,не требуется,68 80 81 ,229,0,229,,
584,146-634-303-61,5 ,,,да,не требуется,68 70 85 ,223,6,229,,Рассматривается к зачислению
585,184-534-030-67,1 ,,,нет,не требуется,66 72 91 ,229,0,229,,
586,176-766-151-15,4 ,,,нет,требуется,78 75 75 ,228,0,228,,
587,179-788-219-57,2 ,,,нет,не требуется,76 75 77 ,228,0,228,,
588,166-016-831-58,7 ,,,нет,не требуется,70 75 83 ,228,0,228,,
589,184-176-141-77,3 ,,,нет,не требуется,70 75 83 ,228,0,228,,
590,188-170-758-07,3 ,,,да,не требуется,70 75 83 ,228,0,228,,Рассматривается к зачислению
591,160-261-134-15,4 ,,,нет,не требуется,66 67 95 ,228,0,228,,
592,185-653-281-02,6 ,,,нет,не требуется,64 72 89 ,225,3,228,,
593,166-801-438-76,4 ,,,нет,требуется,58 67 95 ,220,8,228,,
594,192-470-624-79,3 ,,,нет,не требуется,74 78 75 ,227,0,227,,
595,160-125-536-19,3 ,,,нет,требуется,72 85 70 ,227,0,227,,
596,186-021-681-63,2 ,,,нет,не требуется,72 72 83 ,227,0,227,,
597,177-575-818-31,8 ,,,нет,не требуется,70 78 79 ,227,0,227,,
598,173-972-548-12,4 ,,,да,не требуется,70 72 85 ,227,0,227,,Рассматривается к зачислению
599,202-383-448-29,3 ,,,нет,"требуется, отказано",70 72 85 ,227,0,227,,
600,149-531-388-85,5 ,,,нет,не требуется,68 72 87 ,227,0,227,,
601,158-108-836-78,2 ,,,нет,требуется,68 72 87 ,227,0,227,,
602,181-512-290-46,4 ,,,нет,не требуется,68 70 89 ,227,0,227,,
603,171-468-863-96,5 ,,,нет,не требуется,68 64 95 ,227,0,227,,
604,195-819-952-42,2 ,,,нет,не требуется,76 80 70 ,226,0,226,,
605,160-752-861-68,3 ,,,нет,требуется,76 56 91 ,223,3,226,,
606,180-445-942-73,8 ,,,нет,не требуется,74 75 77 ,226,0,226,,
607,173-547-174-84,4 ,,да,да,не требуется,66 78 79 ,223,3,226,,Рассматривается к зачислению
608,161-323-783-43,4 ,,да,да,не требуется,66 75 85 ,226,0,226,,Рассматривается к зачислению
609,141-909-683-74,4 ,,,нет,не требуется,58 83 85 ,226,0,226,,Преим. право
610,178-298-775-48,4 ,,,нет,не требуется,74 78 73 ,225,0,225,,
611,164-906-240-76,4 ,,,нет,требуется,74 62 79 ,215,10,225,,
612,162-557-018-63,3 ,,,да,не требуется,72 90 63 ,225,0,225,,Рассматривается к зачислению
613,167-329-349-95,5 ,,,нет,требуется,72 67 81 ,220,5,225,,
614,157-403-574-66,5 ,,,нет,требуется,72 64 79 ,215,10,225,,
615,181-660-440-65,7 ,,,нет,требуется,70 80 75 ,225,0,225,,
616,187-909-769-52,3 ,,,нет,не требуется,70 78 75 ,223,2,225,,
617,175-811-936-95,2 ,,да,да,не требуется,68 78 79 ,225,0,225,,Рассматривается к зачислению
618,208-980-297-98,4 ,,,нет,требуется,68 72 85 ,225,0,225,,
619,179-418-063-02,5 ,,,нет,не требуется,68 67 87 ,222,3,225,,Преим. право
620,134-394-974-84,2 ,,да,да,требуется,66 78 81 ,225,0,225,,Рассматривается к зачислениюПреим. право
621,207-526-177-54,3 ,,,нет,требуется,66 78 81 ,225,0,225,,
622,184-053-316-54,3 ,,,да,не требуется,64 78 83 ,225,0,225,,Рассматривается к зачислению
623,160-116-636-21,2 ,,,нет,не требуется,64 70 91 ,225,0,225,,
624,163-724-367-73,5 ,,,да,не требуется,58 85 77 ,220,5,225,,Рассматривается к зачислению
625,161-329-902-56,1 ,,,нет,требуется,66 83 75 ,224,0,224,,
626,174-908-357-03,2 ,,,нет,не требуется,66 75 83 ,224,0,224,,
627,184-613-747-89,3 ,,,нет,не требуется,58 75 91 ,224,0,224,,
628,194-557-261-09,4 ,,,нет,не требуется,74 70 79 ,223,0,223,,
629,174-263-517-70,5 ,,,нет,требуется,74 64 75 ,213,10,223,,
630,186-963-935-47,3 ,,,нет,не требуется,72 78 73 ,223,0,223,,
631,195-530-155-78,5 ,,,нет,не требуется,70 70 83 ,223,0,223,,
632,186-339-214 95,2 ,,,да,не требуется,68 83 72 ,223,0,223,,Рассматривается к зачислению
633,190-517-497-80,1 ,,,нет,не требуется,68 80 75 ,223,0,223,,
634,177-893-758-56,1 ,,,нет,не требуется,68 72 83 ,223,0,223,,
635,171-265-132-44,5 ,,,нет,не требуется,64 72 87 ,223,0,223,,
636,173-380-542-68,2 ,,,нет,требуется,78 72 69 ,219,3,222,,
637,168-892-211-21,5 ,,,да,не требуется,74 72 73 ,219,3,222,,Рассматривается к зачислению
638,170-653-470-63,3 ,,,нет,не требуется,68 75 79 ,222,0,222,,
639,190-443-375-64,3 ,,,нет,не требуется,68 67 87 ,222,0,222,,
640,187-210-586-75,5 ,,,да,не требуется,68 62 89 ,219,3,222,,Рассматривается к зачислению
641,200-431-125-73,2 ,,,нет,не требуется,66 72 81 ,219,3,222,,
642,155-466-420-77,2 ,,,нет,не требуется,72 80 69 ,221,0,221,,
643,189-325-724-11,4 ,,,нет,не требуется,72 80 69 ,221,0,221,,
644,186-893-105-26,2 ,,,нет,требуется,72 67 79 ,218,3,221,,
645,164-884-365-13,1 ,,,нет,не требуется,70 70 81 ,221,0,221,,
646,169-309-817-05,3 ,,,нет,не требуется,68 80 66 ,214,7,221,,
647,184-693-351-12,2 ,,,нет,не требуется,68 70 83 ,221,0,221,,
648,196-280-267-99,3 ,,,нет,не требуется,68 70 83 ,221,0,221,,
649,177-109-221-66,2 ,,,нет,не требуется,68 64 79 ,211,10,221,,
650,170-788-176-00,6 ,,,нет,не требуется,66 78 77 ,221,0,221,,
651,185-568-479-33,2 ,,,нет,не требуется,66 70 85 ,221,0,221,,
652,150-746-339-58,2 ,,,нет,требуется,64 78 79 ,221,0,221,,
653,184-613-821-82,8 ,,,нет,не требуется,52 80 89 ,221,0,221,,
654,196-082-794-12,2 ,,,нет,не требуется,72 70 78 ,220,0,220,,
655,187-143-945-99,4 ,,,да,не требуется,70 75 75 ,220,0,220,,Рассматривается к зачислению
656,175-381-529-89,3 ,,,нет,не требуется,68 64 85 ,217,3,220,,
657,172-096-496-83,4 ,,,нет,не требуется,66 85 66 ,217,3,220,,
658,136-517-315-53,4 ,,,нет,требуется,66 80 70 ,216,4,220,,Преим. право
659,170-378-970-90,5 ,,,нет,не требуется,78 54 87 ,219,0,219,,
660,194-586-572-32,3 ,,,нет,не требуется,76 64 79 ,219,0,219,,
661,181-940-317-71,1 ,,,нет,не требуется,70 64 85 ,219,0,219,,
662,186-287-988-44,1 ,,,нет,не требуется,68 72 79 ,219,0,219,,
663,204-126-247-06,4 ,,,нет,не требуется,68 64 87 ,219,0,219,,
664,188-939-079-55,3 ,,,нет,не требуется,66 72 81 ,219,0,219,,
665,200-905-644-21,3 ,,,нет,не требуется,66 56 97 ,219,0,219,,
666,209-029-149-46,6 ,,,да,не требуется,58 64 97 ,219,0,219,,Рассматривается к зачислению
667,170-653-464-65,4 ,,,нет,не требуется,74 72 72 ,218,0,218,,
668,175-646-565-10,2 ,,,нет,"требуется, отказано",72 80 66 ,218,0,218,,
669,187-158-087-06,6 ,,,нет,не требуется,72 67 79 ,218,0,218,,
670,184-345-213-69,1 ,,,нет,не требуется,70 62 83 ,215,3,218,,
671,179-668-470-50,5 ,,,нет,не требуется,68 70 77 ,215,3,218,,
672,186-435-851-07,4 ,,,нет,не требуется,64 72 75 ,211,7,218,,
673,173-689-314-11,4 ,,,нет,не требуется,74 62 81 ,217,0,217,,
674,165-536-092-80,3 ,,да,да,не требуется,72 67 75 ,214,3,217,,Рассматривается к зачислению
675,201-887-933-76,2 ,,,нет,не требуется,72 62 81 ,215,2,217,,
676,186-524-283-95,2 ,,,нет,не требуется,72 56 89 ,217,0,217,,
677,190-403-374-43,1 ,,да,да,не требуется,70 64 83 ,217,0,217,,Рассматривается к зачислению
678,165-458-094-94,2 ,,,нет,требуется,70 62 85 ,217,0,217,,
679,141-584-672-67,1 ,,,нет,не требуется,68 56 93 ,217,0,217,,
680,177-531-298-94,2 ,,,нет,требуется,66 70 81 ,217,0,217,,
681,197-576-524-40,1 ,,,нет,требуется,58 80 79 ,217,0,217,,
682,159-781-334-15,5 ,,,нет,требуется,72 70 72 ,214,2,216,,
683,180-747-524-85,3 ,,,да,требуется,70 80 66 ,216,0,216,,Рассматривается к зачислению
684,195-343-682-00,2 ,,,нет,"требуется, отказано",66 75 75 ,216,0,216,,
685,201-717-836-35,4 ,,,нет,не требуется,58 70 85 ,213,3,216,,
686,167-886-847-55,1 ,,,нет,не требуется,70 75 70 ,215,0,215,,
687,183-051-495-57,4 ,,,нет,требуется,70 62 83 ,215,0,215,,
688,207-955-229-84,3 ,,,да,не требуется,68 72 75 ,215,0,215,,Рассматривается к зачислению
689,193-680-054-91,3 ,,,нет,не требуется,68 59 85 ,212,3,215,,
690,187-291-687-22,2 ,,,да,не требуется,68 56 89 ,213,2,215,,Рассматривается к зачислению
691,159-008-784-84,3 ,,,нет,не требуется,68 54 87 ,209,6,215,,
692,151-804-648-53,5 ,,,да,не требуется,64 70 81 ,215,0,215,,Рассматривается к зачислению
693,163-508-961-79,3 ,,,нет,не требуется,64 64 87 ,215,0,215,,
694,184-207-905-72,5 ,,,нет,не требуется,64 56 95 ,215,0,215,,Преим. право
695,190-693-898-22,5 ,,,нет,не требуется,52 72 91 ,215,0,215,,
696,185-907-716-17,4 ,,,нет,не требуется,70 75 69 ,214,0,214,,
697,191-875-652-19,2 ,,,нет,не требуется,66 59 89 ,214,0,214,,Преим. право
698,143-585-918-88,1 ,,,нет,не требуется,64 80 70 ,214,0,214,,
699,183-903-813-88,2 ,,,нет,не требуется,74 54 85 ,213,0,213,,
700,149-895-527-41,5 ,,,да,не требуется,68 88 57 ,213,0,213,,Рассматривается к зачислению
701,164-814-678-93,1 ,,,да,не требуется,68 62 83 ,213,0,213,,Рассматривается к зачислению
702,184-484-260-98,3 ,,,нет,не требуется,68 56 89 ,213,0,213,,
703,168-618-556-15,3 ,,,нет,не требуется,66 78 67 ,211,2,213,,
704,186-613-121-75,2 ,,,да,не требуется,58 80 75 ,213,0,213,,Рассматривается к зачислению
705,159-387-315-12,2 ,,,нет,требуется,70 67 72 ,209,3,212,,
706,151-182-782-48,4 ,,,да,не требуется,66 64 77 ,207,5,212,,Рассматривается к зачислению
707,203-217-649 18,4 ,,,нет,не требуется,58 67 87 ,212,0,212,,
708,165-016-534-45,7 ,,,нет,требуется,52 88 69 ,209,3,212,,
709,150-664-776-71,1 ,,,нет,не требуется,74 67 70 ,211,0,211,,
710,164-273-941-79,3 ,,,да,не требуется,74 64 73 ,211,0,211,,Рассматривается к зачислению
711,177-412-387-82,2 ,,,нет,не требуется,72 70 69 ,211,0,211,,Преим. право
712,177-909-342-21,3 ,,,нет,не требуется,68 56 79 ,203,8,211,,
713,195-938-563-45,1 ,,,нет,не требуется,66 78 67 ,211,0,211,,
714,162-840-219-55,5 ,,,нет,требуется,66 70 75 ,211,0,211,,
715,164-884-640-13,2 ,,,да,не требуется,66 62 83 ,211,0,211,,Рассматривается к зачислению
716,164-454-711-73,2 ,,,нет,не требуется,64 75 69 ,208,3,211,,
717,176-347-211-81,5 ,,,нет,не требуется,64 70 77 ,211,0,211,,
718,172-995-645-27,1 ,,,да,не требуется,64 62 77 ,203,8,211,,Рассматривается к зачислению
719,154-823-054-60,7 ,,,нет,требуется,76 67 67 ,210,0,210,,
720,165-952-519-03,4 ,,,нет,не требуется,70 70 70 ,210,0,210,,
721,156-481-923-92,5 ,,,нет,не требуется,68 70 72 ,210,0,210,,
722,188-938-722-55,3 ,,,да,не требуется,68 54 85 ,207,3,210,,Рассматривается к зачислению
723,203-729-894-72,5 ,,,нет,требуется,66 59 83 ,208,2,210,,
724,186-356-326-00,3 ,,,нет,не требуется,64 64 79 ,207,3,210,,
725,176-369-147-07,4 ,,,нет,"требуется, отказано",58 80 72 ,210,0,210,,
726,158-990-747-38,5 ,,,нет,не требуется,68 78 63 ,209,0,209,,
727,183-996-556-46,7 ,,,нет,требуется,68 78 63 ,209,0,209,,
728,187-156-187-01,4 ,,,нет,не требуется,68 54 87 ,209,0,209,,
729,156-590-267-90,8 ,,,нет,требуется,66 64 79 ,209,0,209,,
730,168-349-572-16,3 ,,,нет,не требуется,64 75 70 ,209,0,209,,
731,209-345-515-60,6 ,,,нет,не требуется,64 75 70 ,209,0,209,,
732,149-830-061-79,5 ,,,да,не требуется,64 72 73 ,209,0,209,,Рассматривается к зачислению
733,188-049-126-97,3 ,,,да,не требуется,72 78 58 ,208,0,208,,Рассматривается к зачислению
734,161-855-622-80,4 ,,,нет,не требуется,68 54 81 ,203,5,208,,
735,184-210-753-51,5 ,,,нет,не требуется,66 72 70 ,208,0,208,,
736,203-363-423-17,4 ,,,нет,не требуется,74 70 63 ,207,0,207,,
737,157-408-553-81,7 ,,,нет,не требуется,70 56 81 ,207,0,207,,
738,145-220-542-22,3 ,,,да,не требуется,68 78 61 ,207,0,207,,Рассматривается к зачислениюПреим. право
739,187-861-936-41,4 ,,,нет,не требуется,68 75 64 ,207,0,207,,
740,180-635-386-74,2 ,,,нет,не требуется,68 70 69 ,207,0,207,,
741,191-731-838-86,2 ,,,нет,не требуется,68 67 72 ,207,0,207,,
742,155-237-381-64,3 ,,,нет,требуется,68 67 69 ,204,3,207,,
743,189-975-028-55,1 ,,,нет,не требуется,68 64 75 ,207,0,207,,
744,187-391-228-05,3 ,,,нет,не требуется,66 62 79 ,207,0,207,,
745,173-736-226-82,4 ,,,нет,не требуется,64 56 87 ,207,0,207,,
746,199-338-266-31,5 ,,,нет,"требуется, отказано",84 56 66 ,206,0,206,,
747,146-334-936-70,1 ,,,да,не требуется,68 72 63 ,203,3,206,,Рассматривается к зачислению
748,176-158-988-19,3 ,,,нет,не требуется,66 70 70 ,206,0,206,,Преим. право
749,185-056-873-97,5 ,,,нет,не требуется,64 70 72 ,206,0,206,,
750,177-807-751-20,4 ,,,нет,не требуется,64 67 73 ,204,2,206,,
751,135-918-579-96,3 ,,,нет,требуется,64 56 83 ,203,3,206,,
752,187-744-517-22,2 ,,,нет,не требуется,64 46 89 ,199,7,206,,
753,196-989-121-59,4 ,,,нет,не требуется,52 72 79 ,203,3,206,,
754,171-988-719-28,2 ,,,нет,"требуется, отказано",76 62 67 ,205,0,205,,
755,165-139-410-62,1 ,,,нет,требуется,68 67 70 ,205,0,205,,
756,179-282-336-07,3 ,,,нет,не требуется,66 62 75 ,203,2,205,,
757,191-776-300-97,1 ,,,нет,не требуется,64 62 79 ,205,0,205,,
758,194-858-457-41,2 ,,,нет,не требуется,64 62 77 ,203,2,205,,Преим. право
759,166-760-859-12,3 ,,,нет,не требуется,58 67 77 ,202,3,205,,
760,184-004-962-57,3 ,,,нет,не требуется,58 59 85 ,202,3,205,,
761,191-192-828-82,4 ,,,нет,не требуется,52 70 83 ,205,0,205,,
762,183-003-055-20,3 ,,,нет,не требуется,70 62 72 ,204,0,204,,Преим. право
763,164-209-020-36,4 ,,,нет,не требуется,68 78 55 ,201,3,204,,
764,188-593-078-36,3 ,,,нет,не требуется,68 70 66 ,204,0,204,,
765,201-378-164-28,4 ,,,нет,не требуется,68 64 72 ,204,0,204,,
766,147-659-456-13,4 ,,,да,не требуется,64 67 73 ,204,0,204,,Рассматривается к зачислению
767,200-849-373-47,2 ,,,нет,не требуется,64 67 73 ,204,0,204,,
768,184-996-234-38,5 ,,,нет,не требуется,64 64 73 ,201,3,204,,
769,210-163-369-03,5 ,,,нет,требуется,58 67 79 ,204,0,204,,
770,188-901-125-98,4 ,,,нет,не требуется,58 64 79 ,201,3,204,,
771,169-504-430-83,3 ,,,нет,не требуется,52 59 93 ,204,0,204,,
772,181-081-588-62,3 ,,,нет,не требуется,70 56 77 ,203,0,203,,
773,204-212-334-90,3 ,,,нет,требуется,68 75 60 ,203,0,203,,
774,183-977-155-27,2 ,,,да,не требуется,64 67 72 ,203,0,203,,Рассматривается к зачислению
775,159-458-018-01,3 ,,,нет,требуется,76 64 61 ,201,0,201,,
776,166-988-529-51,3 ,,,нет,требуется,70 48 83 ,201,0,201,,
777,165-455-892-03,4 ,,,да,не требуется,68 56 77 ,201,0,201,,Рассматривается к зачислению
778,181-711-860-66,2 ,,,нет,не требуется,66 72 60 ,198,3,201,,
779,172-293-126-60,2 ,,,нет,требуется,58 70 70 ,198,3,201,,
780,184-941-860-13,5 ,,,да,не требуется,58 62 81 ,201,0,201,,Рассматривается к зачислению
781,143-326-066-31,6 ,,,нет,требуется,66 64 67 ,197,3,200,,
782,158-962-356-20,2 ,,,нет,требуется,64 78 58 ,200,0,200,,
783,201-889-672-82,1 ,,,нет,требуется,58 70 72 ,200,0,200,,
784,187-059-423-00,3 ,,,нет,не требуется,58 51 91 ,200,0,200,,
785,152-802-792-59,1 ,,,да,не требуется,66 72 61 ,199,0,199,,Рассматривается к зачислению
786,179-282-163-04,4 ,,,нет,не требуется,64 56 79 ,199,0,199,,
787,165-515-343-66,4 ,,,нет,не требуется,64 56 69 ,189,10,199,,
788,136-106-041-13,1 ,,,да,не требуется,64 54 81 ,199,0,199,,Рассматривается к зачислению
789,164-672-877-07,3 ,,,нет,требуется,64 54 81 ,199,0,199,,
790,196-139-563-08,2 ,,,да,не требуется,52 75 72 ,199,0,199,,Рассматривается к зачислению
791,169-968-471-61,1 ,,,да,не требуется,66 64 61 ,191,7,198,,Рассматривается к зачислению
792,187-373-639-18,4 ,,,нет,не требуется,64 67 64 ,195,3,198,,
793,186-029-854-98,1 ,,,нет,не требуется,58 59 81 ,198,0,198,,
794,172-805-736-79,2 ,,,да,требуется,72 56 69 ,197,0,197,,Рассматривается к зачислению
795,164-542-422-60,2 ,,,нет,не требуется,70 54 73 ,197,0,197,,
796,185-641-867-09,6 ,,,нет,не требуется,68 59 70 ,197,0,197,,
797,135-816-480-72,4 ,,,нет,требуется,66 62 69 ,197,0,197,,
798,175-309-382-80,3 ,,,нет,не требуется,66 59 72 ,197,0,197,,
799,184-054-579-79,4 ,,,да,не требуется,64 67 63 ,194,3,197,,Рассматривается к зачислению
800,166-399-158-17,2 ,,,нет,не требуется,64 56 77 ,197,0,197,,
801,191-136-318-51,4 ,,,да,не требуется,64 56 77 ,197,0,197,,Рассматривается к зачислению
802,166-542-595-94,4 ,,,нет,не требуется,58 67 72 ,197,0,197,,
803,173-133-125-30,6 ,,,нет,не требуется,52 72 73 ,197,0,197,,
804,195-355-608-03,2 ,,,нет,требуется,52 72 73 ,197,0,197,,
805,169-951-332-18,3 ,,,нет,не требуется,66 64 66 ,196,0,196,,
806,173-012-044-10,5 ,,,нет,не требуется,70 59 66 ,195,0,195,,
807,190-819-585-04,6 ,,,нет,не требуется,70 56 69 ,195,0,195,,
808,186-546-177-11,2 ,,,нет,не требуется,68 72 55 ,195,0,195,,
809,158-199-010-93,1 ,,,нет,не требуется,64 59 72 ,195,0,195,,
810,186-082-311-74,3 ,,,нет,не требуется,64 59 72 ,195,0,195,,
811,180-311-370-22,1 ,,,нет,не требуется,58 80 57 ,195,0,195,,
812,166-468-978-32,4 ,,,нет,не требуется,58 64 73 ,195,0,195,,
813,163-811-749-72,4 ,,,нет,требуется,66 67 61 ,194,0,194,,
814,163-988-244-20,4 ,,,нет,не требуется,66 56 72 ,194,0,194,,
815,180-942-001-55,5 ,,,нет,не требуется,58 70 66 ,194,0,194,,Преим. право
816,193-028-063-58,4 ,,,нет,не требуется,58 59 77 ,194,0,194,,
817,181-919-973-17,2 ,,,нет,не требуется,68 59 66 ,193,0,193,,
818,193-598-104-14,2 ,,,нет,не требуется,64 54 72 ,190,3,193,,
819,176-236-396-90,4 ,,,да,не требуется,64 48 81 ,193,0,193,,Рассматривается к зачислению
820,166-045-244-56,2 ,,,нет,не требуется,58 56 79 ,193,0,193,,
821,202-317-497-19,2 ,,,нет,не требуется,66 54 72 ,192,0,192,,
822,187-441-209-84,1 ,,,да,не требуется,64 54 66 ,184,8,192,,Рассматривается к зачислению
823,191-954-493-14,2 ,,,нет,не требуется,58 64 70 ,192,0,192,,
824,142-253-824-35,5 ,,,нет,"требуется, отказано",74 54 63 ,191,0,191,,
825,209-331-936-56,4 ,,,нет,не требуется,70 51 70 ,191,0,191,,
826,168-310-862-73,2 ,,,нет,не требуется,68 56 67 ,191,0,191,,
827,178-717-980-37,7 ,,,нет,требуется,66 64 61 ,191,0,191,,
828,190-552-296-73,2 ,,,нет,не требуется,64 46 81 ,191,0,191,,
829,166-234-023-48,2 ,,,нет,"требуется, отказано",58 70 60 ,188,3,191,,
830,194-305-562-75,5 ,,,да,не требуется,58 56 77 ,191,0,191,,Рассматривается к зачислению
831,199-875-486-79,3 ,,,да,не требуется,58 54 79 ,191,0,191,,Рассматривается к зачислению
832,164-427-683-83,1 ,,,нет,не требуется,52 56 81 ,189,2,191,,
833,173-535-352-71,2 ,,,нет,не требуется,68 56 66 ,190,0,190,,
834,189-812-553-23,3 ,,,нет,не требуется,64 59 67 ,190,0,190,,
835,173-632-804-72,4 ,,,нет,не требуется,58 72 60 ,190,0,190,,
836,164-899-897-61,4 ,,,да,не требуется,66 56 64 ,186,3,189,,Рассматривается к зачислению
837,169-941-088-20,2 ,,,да,не требуется,66 54 69 ,189,0,189,,Рассматривается к зачислению
838,186-204-118-55,3 ,,,нет,требуется,68 54 66 ,188,0,188,,
839,187-113-175-66,3 ,,,да,не требуется,66 56 66 ,188,0,188,,Рассматривается к зачислению
840,196-282-615-06,3 ,,,нет,не требуется,64 54 66 ,184,4,188,,
841,192-308-936-83,1 ,,,нет,не требуется,52 67 69 ,188,0,188,,
842,194-161-098-74,2 ,,,нет,не требуется,40 67 81 ,188,0,188,,
843,187-158-263-04,4 ,,,нет,не требуется,58 59 67 ,184,3,187,,
844,175-510-434-56,3 ,,,нет,требуется,58 48 81 ,187,0,187,,
845,183-427-990-00,3 ,,,нет,не требуется,64 70 52 ,186,0,186,,
846,183-983-772-35,4 ,,,да,не требуется,58 64 64 ,186,0,186,,Рассматривается к зачислению
847,179-393-672-35,5 ,,,нет,не требуется,58 56 72 ,186,0,186,,
848,194-043-324-57,4 ,,,нет,не требуется,46 51 89 ,186,0,186,,
849,194-689-514-40,3 ,,,нет,не требуется,58 54 70 ,182,3,185,,
850,199-742-573-44,3 ,,,да,не требуется,70 62 52 ,184,0,184,,Рассматривается к зачислениюПреим. право
851,157-629-661-09,2 ,,,да,не требуется,64 51 67 ,182,2,184,,Рассматривается к зачислению
852,196-451-013-80,1 ,,,нет,не требуется,64 48 72 ,184,0,184,,
853,167-812-264-88,2 ,,,да,не требуется,58 51 75 ,184,0,184,,Рассматривается к зачислению
854,210-754-403-23,2 ,,,да,требуется,52 62 70 ,184,0,184,,Рассматривается к зачислению
855,178-143-609-85,4 ,,,нет,не требуется,52 59 73 ,184,0,184,,
856,169-644-811-17,8 ,,,да,не требуется,52 59 72 ,183,0,183,,Рассматривается к зачислению
857,184-760-551-98,2 ,,,да,не требуется,64 51 64 ,179,3,182,,Рассматривается к зачислению
858,184-340-677-77,4 ,,,нет,не требуется,52 54 73 ,179,3,182,,
859,159-866-079-35,4 ,,,нет,требуется,82 - 89 ,171,10,181,,Нет результатов ВИ *
860,207-743-951-78,3 ,,,да,не требуется,64 59 55 ,178,3,181,,Рассматривается к зачислению
861,173-442-613-60,5 ,,,нет,не требуется,58 59 64 ,181,0,181,,
862,184-730-856-97,9 ,,,нет,не требуется,46 62 73 ,181,0,181,,
863,197-695-870-67,3 ,,,нет,не требуется,52 64 64 ,180,0,180,,
864,165-228-118-58,6 ,,,нет,не требуется,52 59 69 ,180,0,180,,
865,166-013-482-45,5 ,,,нет,требуется,46 48 83 ,177,3,180,,
866,183-695-986-42,3 ,,,нет,не требуется,68 56 55 ,179,0,179,,
867,184-840-866-09,1 ,,,да,не требуется,64 51 64 ,179,0,179,,Рассматривается к зачислению
868,191-298-738-10,5 ,,,да,не требуется,64 56 58 ,178,0,178,,Рассматривается к зачислению
869,166-411-513-51,3 ,,,да,не требуется,52 59 67 ,178,0,178,,Рассматривается к зачислению
870,186-996-158-57,7 ,,,нет,не требуется,52 54 69 ,175,3,178,,
871,170-145-288-40,2 ,,,нет,не требуется,64 56 57 ,177,0,177,,
872,184-732-901-93,3 ,,,нет,не требуется,40 67 66 ,173,3,176,,
873,165-330-200-30,1 ,,,да,"требуется, отказано",40 62 64 ,166,10,176,,Рассматривается к зачислению
874,149-799-494-59,3 ,,,нет,требуется,78 - 87 ,165,10,175,,Нет результатов ВИ *
875,197-823-100-01,5 ,,,нет,требуется,72 - 93 ,165,10,175,,Нет результатов ВИ *
876,166-934-622-06,4 ,,,да,не требуется,70 - 95 ,165,10,175,,Нет результатов ВИ *
877,186-126-162-71,5 ,,,нет,не требуется,46 48 81 ,175,0,175,,
878,171-152-284-36,5 ,,,да,не требуется,64 48 60 ,172,2,174,,Рассматривается к зачислению
879,158-461-541-86,4 ,,,нет,требуется,58 56 60 ,174,0,174,,
880,155-837-268-00,1 ,,,нет,требуется,74 - 89 ,163,10,173,,Нет результатов ВИ *
881,175-021-578-50,4 ,,,нет,не требуется,74 - 89 ,163,10,173,,Нет результатов ВИ *
882,181-818-795-07,4 ,,,нет,не требуется,58 54 60 ,172,0,172,,
883,186-524-515 92,4 ,,,да,не требуется,52 51 69 ,172,0,172,,Рассматривается к зачислению
884,165-145-632-63,5 ,,,нет,не требуется,46 51 75 ,172,0,172,,
885,184-308-863-89,4 ,,,нет,не требуется,80 - 91 ,171,0,171,,Нет результатов ВИ *
886,165-350-638-66,4 ,,,нет,требуется,58 46 67 ,171,0,171,,
887,191-450-693-75,4 ,,,нет,не требуется,52 56 63 ,171,0,171,,
888,197-392-690-35,1 ,,,нет,не требуется,72 - 95 ,167,3,170,,Нет результатов ВИ *
889,135-401-698-39,5 ,,,нет,требуется,74 - 85 ,159,10,169,,Нет результатов ВИ *
890,170-347-257-53,2 ,,,да,не требуется,58 48 61 ,167,2,169,,Рассматривается к зачислению
891,171-095-719-68,1 ,,,нет,не требуется,46 56 64 ,166,3,169,,
892,137-979-657-40,6 ,,,нет,"требуется, отказано",52 56 60 ,168,0,168,,Преим. право
893,184-422-411-57,1 ,,,да,не требуется,66 48 48 ,162,5,167,,Рассматривается к зачислению
894,166-836-186-09,5 ,,,да,не требуется,52 54 61 ,167,0,167,,Рассматривается к зачислению
895,162-296-346-74,1 ,,,нет,требуется,52 51 61 ,164,3,167,,
896,166-022-359-44,1 ,,,нет,не требуется,52 51 61 ,164,3,167,,
897,173-392-416-76,5 ,,,нет,не требуется,58 51 57 ,166,0,166,,
898,187-140-586-84,2 ,,,нет,не требуется,58 48 60 ,166,0,166,,
899,184-528-405-89,1 ,,,да,не требуется,58 48 57 ,163,3,166,,Рассматривается к зачислению
900,187-799-754-78,5 ,,,нет,не требуется,52 51 63 ,166,0,166,,
901,184-652-430-87,3 ,,,да,не требуется,46 56 64 ,166,0,166,,Рассматривается к зачислению
902,158-059-336-86,2 ,,,да,не требуется,52 46 67 ,165,0,165,,Рассматривается к зачислению
903,149-284-568-05,4 ,,,нет,"требуется, отказано",52 46 64 ,162,3,165,,
904,181-037-975-68,5 ,,,нет,не требуется,46 48 66 ,160,5,165,,
905,163-387-599-04,2 ,,,нет,требуется,52 48 64 ,164,0,164,,Преим. право
906,190-084-995-86,3 ,,,нет,требуется,72 - 91 ,163,0,163,,Нет результатов ВИ *
907,167-215-809-75,3 ,,,нет,требуется,52 48 63 ,163,0,163,,
908,166-882-362-16,1 ,,,нет,требуется,80 - 72 ,152,10,162,,Нет результатов ВИ *
909,180-486-604-82,4 ,,,нет,не требуется,68 - 85 ,153,9,162,,Нет результатов ВИ *
910,157-272-937-92,4 ,,,да,не требуется,52 46 61 ,159,3,162,,Рассматривается к зачислению
911,176-722-588-04,1 ,,,нет,не требуется,40 59 63 ,162,0,162,,
912,186-251-324-72,3 ,,,нет,не требуется,40 62 55 ,157,0,157,,
913,171-491-050-54,3 ,,,нет,"требуется, отказано",40 51 63 ,154,3,157,,
914,184-531-921-81,2 ,,,нет,требуется,46 56 51 ,153,0,153,,
915,172-912-376-74,3 ,,,нет,"требуется, отказано",46 51 55 ,152,0,152,,
916,166-068-549-92,5 ,,,нет,требуется,46 46 60 ,152,0,152,,Преим. право
917,197-917-151-29,1 ,,,нет,"требуется, отказано",46 51 54 ,151,0,151,,
918,192-371-940-86,4 ,,,нет,не требуется,40 54 55 ,149,0,149,,
919,149-099-464-11,2 ,,,нет,не требуется,52 48 48 ,148,0,148,,Преим. право
920,2325479,5 ,,,нет,не требуется,68 - 79 ,147,0,147,,Нет результатов ВИ *
921,168-950-412-06,1 ,,,нет,не требуется,76 - 70 ,146,0,146,,Нет результатов ВИ *
922,159-184-815-03,2 ,,,нет,требуется,64 - 79 ,143,3,146,,Нет результатов ВИ *
923,190-822-057-63,5 ,,,нет,не требуется,40 48 58 ,146,0,146,,
924,184-910-674-95,1 ,,,нет,не требуется,72 - 69 ,141,0,141,,Нет результатов ВИ *
925,169-461-229-96,2 ,,,нет,требуется,68 - 72 ,140,0,140,,Нет результатов ВИ *
926,146-697-916-25,2 ,,,нет,не требуется,40 45 55 ,140,0,140,,
927,185-836-079-16,2 ,,,нет,не требуется,66 - 73 ,139,0,139,,Нет результатов ВИ *
928,157-332-278-66,1 ,,,нет,не требуется,64 - 75 ,139,0,139,,Нет результатов ВИ *
929,189-418-275-20,1 ,,,нет,не требуется,70 - 63 ,133,0,133,,Нет результатов ВИ *
930,195-671-672-23,3 ,,,нет,не требуется,64 - 64 ,128,2,130,,Нет результатов ВИ *
931,159-875-410-27,4 ,,,нет,не требуется,66 - 61 ,127,0,127,,Нет результатов ВИ *
932,186-904-252-01,1 ,,,нет,требуется,50 - 66 ,116,0,116,,Нет результатов ВИ *
933,175-530-924-79,5 ,,,нет,требуется,46 - 54 ,100,0,100,,Нет результатов ВИ *
934,147-606-123-59,4 ,,,нет,не требуется,40 - 58 ,98,0,98,,Нет результатов ВИ *
935,168-772-991-42,4 ,,,нет,не требуется,40 - 55 ,95,0,95,,Нет результатов ВИ *
936,154-678-430-97,2 ,,,нет,не требуется,- - - ,0,3,3,,Нет результатов ВИ *
937,161-650-392-53,3 ,,,нет,требуется,x x x ,0,2,0,,Нет результатов ВИ *
938,130-934-265-40,4 ,,,нет,не требуется,- - - ,0,0,0,,Нет результатов ВИ *Преим. право
939,157-246-657-88,1 ,,,нет,требуется,- - - ,0,0,0,,Нет результатов ВИ *
940,157-652-662-98,2 ,,,нет,требуется,- - - ,0,0,0,,Нет результатов ВИ *
941,164-022-982-47,1 ,,,нет,не требуется,- - - ,0,0,0,,Нет результатов ВИ *
942,167-458-370-08,5 ,,,нет,требуется,- - - ,0,0,0,,Нет результатов ВИ *
943,185-922-553-06,5 ,,,нет,не требуется,- - - ,0,0,0,,Нет результатов ВИ *
944,207-667-188-87,5 ,,,нет,не требуется,- - - ,0,0,0,,Нет результатов ВИ *
945,213-532-896-47,1 ,,,нет,требуется,- - - ,0,0,0,,Нет результатов ВИ *
