,,,,,,,,,
1,171-875-391 01,235,80,85,70,---,Копия,3,09.03.04 Программная инженерия/Бюджетная основа/ОП/Общие места (очн.)  ОП 1 / Копия / 1 (1) из 202.03.03 Математическое обеспечение и администрирование информационных систем/Бюджетная основа/ОП/Общие места (очн.)  ОП 2 / Копия / 1 (1) из 301.03.02 Прикладная математика и информатика/Бюджетная основа/ОП/Общие места (очн.)  ОП 4 / Копия / 1 (1) из 509.03.03 Прикладная информатика/Бюджетная основа/ОП/Общие места (очн.)  ОП 5 / Копия / 1 (1) из 4
2,142-635-289 56,234,70,78,81,5,Копия,4,09.03.04 Программная инженерия/Бюджетная основа/Общие места (очн.)  1 / Копия / 171 (41) из 1409.03.04 Программная инженерия/Бюджетная основа/ОП/Общие места (очн.)  ОП 1 / Копия / 2 (1) из 202.03.03 Математическое обеспечение и администрирование информационных систем/Бюджетная основа/Общие места (очн.)  2 / Копия / 140 (38) из 1802.03.03 Математическое обеспечение и администрирование информационных систем/Бюджетная основа/ОП/Общие места (очн.)  ОП 2 / Копия / 2 (1) из 302.03.02 Фундаментальная информатика и информационные технологии/Бюджетная основа/Общие места (очн.)  3 / Копия / 162 (46) из 1402.03.02 Фундаментальная информатика и информационные технологии/Бюджетная основа/ОП/Общие места (очн.)  ОП 3 / Копия / 1 (1) из 209.03.01 Информатика и вычислительная техника/Бюджетная основа/Общие места (очн.)  4 / Копия / 162 (37) из 2210.05.01 Компьютерная безопасность/Бюджетная основа/Общие места (очн.)  5 / Копия / 122 (36) из 2010.05.01 Компьютерная безопасность/Бюджетная основа/ОП/Общие места (очн.)  ОП 5 / Копия / 1 (1) из 4
3 (1),163-778-261 04,201,58,64,79,---,Ориг.,1,09.03.01 Информатика и вычислительная техника/Бюджетная основа/Общие места (очн.)  1 / Ориг. / 377 (72) из 2209.03.03 Прикладная информатика/Бюджетная основа/Общие места (очн.)  2 / Ориг. / 301 (44) из 2209.03.03 Прикладная информатика/Бюджетная основа/ОП/Общие места (очн.)  ОП 2 / Ориг. / 2 (1) из 444.03.01 Педагогическое образование/Бюджетная основа/Общие места (очн.)  3 / Ориг. / 51 (21) из 644.03.01 Педагогическое образование/Бюджетная основа/ОП/Общие места (очн.)  ОП 3 / Ориг. / 2 (1) из 101.03.03 Механика и математическое моделирование/Бюджетная основа/Общие места (очн.)  4 / Ориг. / 50 (12) из 701.03.03 Механика и математическое моделирование/Бюджетная основа/ОП/Общие места (очн.)  ОП 4 / Ориг. / 2 (2) из 102.03.01 Математика и компьютерные науки/Бюджетная основа/Общие места (очн.)  5 / Ориг. / 159 (30) из 1902.03.01 Математика и компьютерные науки/Бюджетная основа/ОП/Общие места (очн.)  ОП 5 / Ориг. / 1 (1) из 3
4 (2),192-282-751 86,182,64,48,70,---,Ориг.,3,02.03.03 Математическое обеспечение и администрирование информационных систем/Бюджетная основа/Общие места (очн.)  1 / Ориг. / 281 (69) из 1802.03.03 Математическое обеспечение и администрирование информационных систем/Бюджетная основа/ОП/Общие места (очн.)  ОП 1 / Ориг. / 3 (1) из 302.03.02 Фундаментальная информатика и информационные технологии/Бюджетная основа/Общие места (очн.)  2 / Ориг. / 293 (72) из 1402.03.02 Фундаментальная информатика и информационные технологии/Бюджетная основа/ОП/Общие места (очн.)  ОП 2 / Ориг. / 3 (1) из 209.03.01 Информатика и вычислительная техника/Бюджетная основа/Общие места (очн.)  3 / Ориг. / 466 (88) из 2238.03.05 Бизнес-информатика/Бюджетная основа/ОП/Общие места (очн.)  ОП 4 / Ориг. / 3 (2) из 301.03.02 Прикладная математика и информатика/Бюджетная основа/ОП/Общие места (очн.)  ОП 5 / Ориг. / 2 (1) из 5
5,191-719-673 04,182,40,51,91,---,Копия,4,38.03.05 Бизнес-информатика/Бюджетная основа/Общие места (очн.)  1 / Копия / 311 (54) из 1638.03.05 Бизнес-информатика/Бюджетная основа/ОП/Общие места (очн.)  ОП 1 / Копия / 4 (3) из 302.03.03 Математическое обеспечение и администрирование информационных систем/Бюджетная основа/Общие места (очн.)  2 / Копия / 282 (70) из 1802.03.03 Математическое обеспечение и администрирование информационных систем/Бюджетная основа/ОП/Общие места (очн.)  ОП 2 / Копия / 4 (2) из 309.03.02 Информационные системы и технологии/Бюджетная основа/Общие места (очн.)  3 / Копия / 302 (46) из 609.03.02 Информационные системы и технологии/Бюджетная основа/ОП/Общие места (очн.)  ОП 3 / Копия / 1 (1) из 109.03.01 Информатика и вычислительная техника/Бюджетная основа/Общие места (очн.)  4 / Копия / 469 (89) из 2209.03.03 Прикладная информатика/Бюджетная основа/Общие места (очн.)  5 / Копия / 392 (61) из 2209.03.03 Прикладная информатика/Бюджетная основа/ОП/Общие места (очн.)  ОП 5 / Копия / 4 (2) из 409.03.03 Прикладная информатика/Бюджетная основа/Общие места (очн.)  6 / Копия / 79 (19) из 7
6,163-042-176 28,175,52,48,75,---,Копия,4,09.03.04 Программная инженерия/Бюджетная основа/Общие места (очн.)  1 / Копия / 397 (67) из 1409.03.04 Программная инженерия/Бюджетная основа/ОП/Общие места (очн.)  ОП 1 / Копия / 4 (1) из 202.03.02 Фундаментальная информатика и информационные технологии/Бюджетная основа/Общие места (очн.)  2 / Копия / 302 (74) из 1402.03.02 Фундаментальная информатика и информационные технологии/Бюджетная основа/ОП/Общие места (очн.)  ОП 2 / Копия / 4 (2) из 202.03.03 Математическое обеспечение и администрирование информационных систем/Бюджетная основа/Общие места (очн.)  3 / Копия / 291 (70) из 1802.03.03 Математическое обеспечение и администрирование информационных систем/Бюджетная основа/ОП/Общие места (очн.)  ОП 3 / Копия / 5 (2) из 309.03.01 Информатика и вычислительная техника/Бюджетная основа/Общие места (очн.)  4 / Копия / 499 (90) из 2210.05.01 Компьютерная безопасность/Бюджетная основа/Общие места (очн.)  5 / Копия / 366 (77) из 2010.05.01 Компьютерная безопасность/Бюджетная основа/ОП/Общие места (очн.)  ОП 5 / Копия / 2 (1) из 4
7 (3),158-923-350 99,165,56,45,64,---,Ориг.,6,09.03.03 Прикладная информатика/Бюджетная основа/ОП/Общие места (очн.)  ОП 1 / Ориг. / 1 (1) из 109.03.03 Прикладная информатика/Бюджетная основа/ОП/Общие места (очн.)  ОП 2 / Ориг. / 5 (2) из 412.03.04 Биотехнические системы и технологии/Бюджетная основа/ОП/Общие места (очн.)  ОП 3 / Ориг. / 2 (2) из 211.03.04 Электроника и наноэлектроника/Бюджетная основа/ОП/Общие места (очн.)  ОП 4 / Ориг. / 3 (2) из 109.03.02 Информационные системы и технологии/Бюджетная основа/ОП/Общие места (очн.)  ОП 5 / Ориг. / 2 (1) из 1
8,158-322-867 83,147,41,46,60,---,Копия,5,01.03.02 Прикладная математика и информатика/Бюджетная основа/ОП/Общие места (очн.)  ОП 1 / Копия / 5 (3) из 509.03.03 Прикладная информатика/Бюджетная основа/ОП/Общие места (очн.)  ОП 2 / Копия / 7 (4) из 402.03.03 Математическое обеспечение и администрирование информационных систем/Бюджетная основа/ОП/Общие места (очн.)  ОП 3 / Копия / 6 (2) из 310.05.01 Компьютерная безопасность/Бюджетная основа/ОП/Общие места (очн.)  ОП 4 / Копия / 4 (2) из 4
9,150-501-553 10,143,46,51,46,---,Копия,3,38.03.05 Бизнес-информатика/Бюджетная основа/ОП/Общие места (очн.)  ОП 1 / Копия / 6 (4) из 309.03.03 Прикладная информатика/Бюджетная основа/ОП/Общие места (очн.)  ОП 2 / Копия / 8 (4) из 427.03.05 Инноватика/Бюджетная основа/ОП/Общие места (очн.)  ОП 4 / Копия / 4 (2) из 111.03.04 Электроника и наноэлектроника/Бюджетная основа/ОП/Общие места (очн.)  ОП 5 / Копия / 4 (3) из 1
10 (4),159-970-117 11,134,39,55,40,---,Ориг.,1,09.03.01 Информатика и вычислительная техника/Бюджетная основа/Общие места (очн.)  1 / Ориг. / 566 (98) из 2202.03.02 Фундаментальная информатика и информационные технологии/Бюджетная основа/Общие места (очн.)  2 / Ориг. / 335 (83) из 1402.03.02 Фундаментальная информатика и информационные технологии/Бюджетная основа/ОП/Общие места (очн.)  ОП 2 / Ориг. / 5 (2) из 209.03.04 Программная инженерия/Бюджетная основа/Общие места (очн.)  3 / Ориг. / 456 (76) из 1409.03.04 Программная инженерия/Бюджетная основа/ОП/Общие места (очн.)  ОП 3 / Ориг. / 6 (2) из 202.03.03 Математическое обеспечение и администрирование информационных систем/Бюджетная основа/ОП/Общие места (очн.)  ОП 4 / Ориг. / 7 (2) из 310.05.01 Компьютерная безопасность/Бюджетная основа/ОП/Общие места (очн.)  ОП 5 / Ориг. / 5 (2) из 4
11 (5),141-710-638 26,129,39,45,40,5,Ориг.,2,02.03.02 Фундаментальная информатика и информационные технологии/Бюджетная основа/Общие места (очн.)  1 / Ориг. / 342 (87) из 1402.03.02 Фундаментальная информатика и информационные технологии/Бюджетная основа/ОП/Общие места (очн.)  ОП 1 / Ориг. / 6 (3) из 209.03.01 Информатика и вычислительная техника/Бюджетная основа/Общие места (очн.)  2 / Ориг. / 577 (102) из 2210.05.01 Компьютерная безопасность/Бюджетная основа/Общие места (очн.)  3 / Ориг. / 424 (85) из 2010.05.01 Компьютерная безопасность/Бюджетная основа/ОП/Общие места (очн.)  ОП 3 / Ориг. / 6 (3) из 402.03.03 Математическое обеспечение и администрирование информационных систем/Бюджетная основа/ОП/Общие места (очн.)  ОП 4 / Ориг. / 8 (3) из 309.03.04 Программная инженерия/Бюджетная основа/ОП/Общие места (очн.)  ОП 5 / Ориг. / 7 (3) из 2
