,,,,,,,,,
1 (1),175-064-524 68,248,68,83,97,---,Ориг.,1,10.05.01 Компьютерная безопасность/Бюджетная основа/Общие места (очн.)  2 / Ориг. / 64 (22) из 2002.03.02 Фундаментальная информатика и информационные технологии/Бюджетная основа/Общие места (очн.)  3 / Ориг. / 98 (28) из 1409.03.01 Информатика и вычислительная техника/Бюджетная основа/Общие места (очн.)  4 / Ориг. / 83 (19) из 2209.03.04 Программная инженерия/Бюджетная основа/Общие места (очн.)  5 / Ориг. / 108 (27) из 1402.03.03 Математическое обеспечение и администрирование информационных систем/Бюджетная основа/Общие места (очн.)  6 / Ориг. / 79 (23) из 18
2 (2),160-477-997 95,211,64,75,72,---,Ориг.,1,03.03.02 Физика/Бюджетная основа/Общие места (очн.)  2 / Ориг. / 33 (5) из 709.03.02 Информационные системы и технологии/Бюджетная основа/Общие места (очн.)  3 / Ориг. / 131 (17) из 611.03.04 Электроника и наноэлектроника/Бюджетная основа/Общие места (очн.)  4 / Ориг. / 30 (4) из 603.03.03 Радиофизика/Бюджетная основа/Общие места (очн.)  5 / Ориг. / 38 (7) из 9
3,162-994-117 97,205,64,62,79,---,Копия,1,09.03.04 Программная инженерия/Бюджетная основа/Общие места (заоч.)  2 / Копия / 14 (6) из 709.03.02 Информационные системы и технологии/Бюджетная основа/Общие места (очн.)  3 / Копия / 158 (22) из 602.03.01 Математика и компьютерные науки/Бюджетная основа/Общие места (очн.)  4 / Копия / 140 (29) из 1909.03.01 Информатика и вычислительная техника/Бюджетная основа/Общие места (очн.)  5 / Копия / 350 (69) из 2210.05.01 Компьютерная безопасность/Бюджетная основа/Общие места (очн.)  6 / Копия / 272 (63) из 2009.03.04 Программная инженерия/Бюджетная основа/Общие места (очн.)  7 / Копия / 297 (57) из 14
4,179-650-939 29,199,52,62,85,---,Копия,1,10.05.01 Компьютерная безопасность/Бюджетная основа/Общие места (очн.)  2 / Копия / 297 (67) из 2009.03.04 Программная инженерия/Бюджетная основа/Общие места (очн.)  3 / Копия / 322 (58) из 1438.03.05 Бизнес-информатика/Бюджетная основа/Общие места (очн.)  4 / Копия / 218 (38) из 1638.03.01 Экономика/Бюджетная основа/Общие места (очн.)  5 / Копия / 187 (30) из 1338.03.02 Менеджмент/Бюджетная основа/Общие места (очн.)  6 / Копия / 208 (32) из 10
5,188-294-408 20,195,64,59,72,---,Копия,1,09.03.04 Программная инженерия/Бюджетная основа/Общие места (заоч.)  2 / Копия / 19 (9) из 709.03.04 Программная инженерия/Бюджетная основа/Общие места (очн.)  3 / Копия / 332 (60) из 1409.03.01 Информатика и вычислительная техника/Бюджетная основа/Общие места (очн.)  4 / Копия / 397 (75) из 2202.03.02 Фундаментальная информатика и информационные технологии/Бюджетная основа/Общие места (очн.)  5 / Копия / 260 (68) из 1401.03.02 Прикладная математика и информатика/Бюджетная основа/Общие места (очн.)  6 / Копия / 270 (55) из 3510.05.01 Компьютерная безопасность/Бюджетная основа/Общие места (очн.)  7 / Копия / 310 (70) из 20
6,180-968-791 27,187,64,59,64,---,Копия,1,09.03.04 Программная инженерия/Бюджетная основа/Общие места (очн.)  2 / Копия / 367 (64) из 1409.03.01 Информатика и вычислительная техника/Бюджетная основа/Общие места (очн.)  3 / Копия / 444 (84) из 2210.05.01 Компьютерная безопасность/Бюджетная основа/Общие места (очн.)  4 / Копия / 337 (74) из 2009.03.02 Информационные системы и технологии/Бюджетная основа/Общие места (очн.)  5 / Копия / 266 (39) из 602.03.02 Фундаментальная информатика и информационные технологии/Бюджетная основа/Общие места (очн.)  6 / Копия / 285 (70) из 14
7 (3),162-436-459 64,186,58,59,69,---,Ориг.,1,10.05.01 Компьютерная безопасность/Бюджетная основа/Общие места (очн.)  2 / Ориг. / 343 (74) из 2002.03.03 Математическое обеспечение и администрирование информационных систем/Бюджетная основа/Общие места (очн.)  3 / Ориг. / 277 (67) из 1809.03.01 Информатика и вычислительная техника/Бюджетная основа/Общие места (очн.)  4 / Ориг. / 452 (85) из 2209.03.04 Программная инженерия/Бюджетная основа/Общие места (очн.)  5 / Ориг. / 370 (64) из 1409.03.02 Информационные системы и технологии/Бюджетная основа/Общие места (очн.)  6 / Ориг. / 272 (39) из 6
8 (4),162-271-093 42,172,52,59,61,---,Ориг.,1,09.03.02 Информационные системы и технологии/Бюджетная основа/Общие места (очн.)  2 / Ориг. / 346 (49) из 609.03.01 Информатика и вычислительная техника/Бюджетная основа/Общие места (очн.)  3 / Ориг. / 506 (91) из 2209.03.03 Прикладная информатика/Бюджетная основа/Общие места (очн.)  4 / Ориг. / 422 (62) из 2209.03.04 Программная инженерия/Бюджетная основа/Общие места (очн.)  5 / Ориг. / 400 (67) из 14
9,190-741-417 67,167,46,51,70,---,Копия,1,09.03.02 Информационные системы и технологии/Бюджетная основа/Общие места (очн.)  2 / Копия / 365 (53) из 609.03.03 Прикладная информатика/Бюджетная основа/Общие места (очн.)  3 / Копия / 441 (65) из 2202.03.01 Математика и компьютерные науки/Бюджетная основа/Общие места (очн.)  4 / Копия / 283 (51) из 19
