,,,,,,,,,
1,186-262-589 03,262,83,90,89,---,Копия,4,38.03.01 Экономика/Бюджетная основа/Общие места (очн.)  1 / Копия / 36 (12) из 1309.03.02 Информационные системы и технологии/Бюджетная основа/Общие места (очн.)  2 / Копия / 30 (4) из 638.03.02 Менеджмент/Бюджетная основа/Общие места (очн.)  3 / Копия / 32 (9) из 1044.03.01 Педагогическое образование/Бюджетная основа/Общие места (очн.)  5 / Копия / 2 (1) из 11
2,159-567-992 45,244,74,79,91,---,Копия,2,38.03.05 Бизнес-информатика/Бюджетная основа/Общие места (очн.)  1 / Копия / 60 (19) из 1644.03.01 Педагогическое образование/Бюджетная основа/Общие места (очн.)  3 / Копия / 5 (1) из 11
3,199-718-206 33,230,68,81,81,---,Копия,6,38.03.05 Бизнес-информатика/Бюджетная основа/Общие места (очн.)  1 / Копия / 125 (28) из 1638.03.03 Управление персоналом/Бюджетная основа/Общие места (очн.)  2 / Копия / 92 (20) из 944.03.01 Педагогическое образование/Бюджетная основа/Общие места (очн.)  3 / Копия / 20 (3) из 1143.03.01 Сервис/Бюджетная основа/Общие места (очн.)  4 / Копия / 36 (7) из 638.03.02 Менеджмент/Бюджетная основа/Общие места (очн.)  5 / Копия / 122 (18) из 1044.03.01 Педагогическое образование/Бюджетная основа/Общие места (очн.)  7 / Копия / 1 (1) из 5
4,162-678-612 95,227,70,66,91,---,Копия,1,38.03.05 Бизнес-информатика/Бюджетная основа/Общие места (очн.)  2 / Копия / 141 (29) из 1609.03.03 Прикладная информатика/Бюджетная основа/Общие места (очн.)  3 / Копия / 271 (42) из 2209.03.03 Прикладная информатика/Бюджетная основа/Общие места (очн.)  4 / Копия / 50 (13) из 7
5 (1),162-208-105 22,225,64,86,75,---,Ориг.,3,44.03.05 Педагогическое образование(с двумя профилями подготовки)/Бюджетная основа/Общие места (очн.)  1 / Ориг. / 3 (3) из 839.03.01 Социология/Бюджетная основа/Общие места (очн.)  2 / Ориг. / 107 (11) из 738.03.02 Менеджмент/Бюджетная основа/Общие места (очн.)  4 / Ориг. / 147 (20) из 1038.03.05 Бизнес-информатика/Бюджетная основа/Общие места (очн.)  5 / Ориг. / 147 (29) из 16
6 (2),160-477-914 76,222,68,67,87,---,Ориг.,1,44.03.01 Педагогическое образование/Бюджетная основа/Общие места (очн.)  2 / Ориг. / 27 (4) из 1143.03.01 Сервис/Бюджетная основа/Общие места (очн.)  3 / Ориг. / 49 (9) из 638.03.05 Бизнес-информатика/Бюджетная основа/Общие места (очн.)  4 / Ориг. / 163 (31) из 16
7 (3),159-663-943 26,222,66,75,77,4,Ориг.,4,44.03.01 Педагогическое образование/Бюджетная основа/Общие места (очн.)  1 / Ориг. / 29 (5) из 1144.03.01 Педагогическое образование/Целевой прием/Общие места (очн.)  2 / Ориг. / 4 (4) из 844.03.01 Педагогическое образование/Бюджетная основа/Общие места (очн.)  3 / Ориг. / 3 (1) из 5
8,162-973-424 91,222,66,73,83,---,Копия,2,44.03.01 Педагогическое образование/Бюджетная основа/Общие места (очн.)  1 / Копия / 30 (6) из 1143.03.01 Сервис/Бюджетная основа/Общие места (очн.)  3 / Копия / 50 (10) из 638.03.03 Управление персоналом/Бюджетная основа/Общие места (очн.)  4 / Копия / 131 (23) из 939.03.01 Социология/Бюджетная основа/Общие места (очн.)  5 / Копия / 123 (13) из 744.03.01 Педагогическое образование/Бюджетная основа/Общие места (очн.)  6 / Копия / 4 (2) из 5
9,159-527-585 14,221,80,56,85,---,Копия,3,38.03.05 Бизнес-информатика/Бюджетная основа/Общие места (очн.)  1 / Копия / 95 (23) из 1644.03.01 Педагогическое образование/Бюджетная основа/Общие места (очн.)  2 / Копия / 31 (6) из 1109.03.03 Прикладная информатика/Бюджетная основа/Общие места (очн.)  4 / Копия / 85 (17) из 2202.03.02 Фундаментальная информатика и информационные технологии/Бюджетная основа/Общие места (очн.)  5 / Копия / 156 (46) из 14
10 (4),159-434-139 84,221,76,64,81,---,Ориг.,1,44.03.01 Педагогическое образование/Бюджетная основа/Общие места (очн.)  2 / Ориг. / 32 (6) из 1109.03.03 Прикладная информатика/Бюджетная основа/Общие места (очн.)  3 / Ориг. / 154 (25) из 2209.03.01 Информатика и вычислительная техника/Бюджетная основа/Общие места (очн.)  4 / Ориг. / 237 (53) из 2210.05.01 Компьютерная безопасность/Бюджетная основа/Общие места (очн.)  5 / Ориг. / 187 (49) из 2002.03.01 Математика и компьютерные науки/Бюджетная основа/Общие места (очн.)  6 / Ориг. / 74 (16) из 19
11 (5),161-987-112 92,220,66,71,83,---,Ориг.,5,38.03.02 Менеджмент/Бюджетная основа/Общие места (очн.)  1 / Ориг. / 170 (23) из 1038.03.03 Управление персоналом/Бюджетная основа/Общие места (очн.)  2 / Ориг. / 139 (23) из 939.03.01 Социология/Бюджетная основа/Общие места (очн.)  3 / Ориг. / 131 (14) из 744.03.01 Педагогическое образование/Бюджетная основа/Общие места (очн.)  4 / Ориг. / 38 (9) из 11
12 (6),160-347-920 53,219,70,70,79,---,Ориг.,2,44.03.01 Педагогическое образование/Бюджетная основа/Общие места (очн.)  1 / Ориг. / 41 (11) из 1138.03.02 Менеджмент/Бюджетная основа/Общие места (очн.)  3 / Ориг. / 180 (25) из 1038.03.05 Бизнес-информатика/Бюджетная основа/Общие места (очн.)  4 / Ориг. / 182 (33) из 16
13,163-775-707 01,217,68,70,79,---,Копия,2,44.03.01 Педагогическое образование/Бюджетная основа/Общие места (очн.)  1 / Копия / 44 (13) из 1144.03.01 Педагогическое образование/Бюджетная основа/Общие места (очн.)  3 / Копия / 6 (3) из 539.03.01 Социология/Бюджетная основа/Общие места (очн.)  4 / Копия / 143 (15) из 7
14,192-745-296 05,214,72,63,79,---,Копия,1,09.03.04 Программная инженерия/Бюджетная основа/Общие места (очн.)  2 / Копия / 247 (55) из 1402.03.03 Математическое обеспечение и администрирование информационных систем/Бюджетная основа/Общие места (очн.)  3 / Копия / 207 (53) из 1809.03.01 Информатика и вычислительная техника/Бюджетная основа/Общие места (очн.)  4 / Копия / 274 (58) из 2210.05.01 Компьютерная безопасность/Бюджетная основа/Общие места (очн.)  5 / Копия / 218 (54) из 2044.03.01 Педагогическое образование/Бюджетная основа/Общие места (очн.)  6 / Копия / 54 (14) из 11
15,162-436-313 47,214,66,67,81,---,Копия,2,44.03.01 Педагогическое образование/Бюджетная основа/Общие места (очн.)  1 / Копия / 57 (14) из 1138.03.05 Бизнес-информатика/Бюджетная основа/Общие места (очн.)  3 / Копия / 213 (37) из 1638.03.01 Экономика/Бюджетная основа/Общие места (очн.)  4 / Копия / 183 (29) из 1338.03.02 Менеджмент/Бюджетная основа/Общие места (очн.)  5 / Копия / 201 (31) из 10
16 (7),173-447-163 75,212,68,59,85,---,Ориг.,3,44.03.01 Педагогическое образование/Бюджетная основа/Общие места (очн.)  1 / Ориг. / 59 (14) из 1144.03.01 Педагогическое образование/Бюджетная основа/Общие места (заоч.)  2 / Ориг. / 4 (2) из 539.03.01 Социология/Бюджетная основа/Общие места (очн.)  4 / Ориг. / 171 (21) из 7
17 (8),147-607-400 65,211,64,70,77,---,Ориг.,3,43.03.01 Сервис/Бюджетная основа/Общие места (очн.)  1 / Ориг. / 75 (14) из 644.03.01 Педагогическое образование/Бюджетная основа/Общие места (очн.)  2 / Ориг. / 7 (3) из 539.03.01 Социология/Бюджетная основа/Общие места (очн.)  4 / Ориг. / 175 (24) из 744.03.01 Педагогическое образование/Бюджетная основа/Общие места (очн.)  5 / Ориг. / 62 (15) из 1138.03.03 Управление персоналом/Бюджетная основа/Общие места (очн.)  6 / Ориг. / 172 (30) из 938.03.05 Бизнес-информатика/Бюджетная основа/Общие места (очн.)  7 / Ориг. / 223 (38) из 16
18,159-280-252 81,211,64,68,79,---,Копия,4,38.03.03 Управление персоналом/Бюджетная основа/Общие места (очн.)  1 / Копия / 173 (31) из 939.03.01 Социология/Бюджетная основа/Общие места (очн.)  2 / Копия / 178 (25) из 744.03.01 Педагогическое образование/Бюджетная основа/Общие места (очн.)  3 / Копия / 63 (16) из 1144.03.01 Педагогическое образование/Бюджетная основа/Общие места (очн.)  5 / Копия / 8 (4) из 5
19,162-898-033 03,210,52,75,83,---,Копия,4,39.03.01 Социология/Бюджетная основа/Общие места (очн.)  1 / Копия / 180 (25) из 738.03.01 Экономика/Бюджетная основа/Общие места (очн.)  2 / Копия / 195 (30) из 1343.03.01 Сервис/Бюджетная основа/Общие места (очн.)  3 / Копия / 79 (15) из 638.03.02 Менеджмент/Бюджетная основа/Общие места (очн.)  5 / Копия / 217 (32) из 10
20,159-380-993 16,210,40,83,87,---,Копия,4,37.03.01 Психология/Бюджетная основа/Общие места (очн.)  1 / Копия / 61 (20) из 1642.03.02 Журналистика/Бюджетная основа/Общие места (очн.)  2 / Копия / 14 (9) из 844.03.01 Педагогическое образование/Бюджетная основа/Общие места (очн.)  3 / Копия / 65 (16) из 1138.03.02 Менеджмент/Бюджетная основа/Общие места (очн.)  5 / Копия / 218 (32) из 10
21,169-087-615 11,209,74,62,73,---,Копия,2,44.03.01 Педагогическое образование/Бюджетная основа/Общие места (очн.)  1 / Копия / 66 (16) из 1138.03.05 Бизнес-информатика/Бюджетная основа/Общие места (очн.)  3 / Копия / 227 (40) из 1638.05.02 Таможенное дело/Бюджетная основа/Общие места (очн.)  4 / Копия / 166 (41) из 1338.03.01 Экономика/Бюджетная основа/Общие места (очн.)  5 / Копия / 197 (30) из 1338.03.03 Управление персоналом/Бюджетная основа/Общие места (очн.)  6 / Копия / 180 (31) из 9
22 (9),167-894-357 39,209,72,52,85,---,Ориг.,2,44.03.01 Педагогическое образование/Бюджетная основа/Общие места (очн.)  1 / Ориг. / 67 (16) из 1138.03.05 Бизнес-информатика/Бюджетная основа/Общие места (очн.)  3 / Ориг. / 229 (40) из 1638.03.02 Менеджмент/Бюджетная основа/Общие места (очн.)  4 / Ориг. / 220 (32) из 1038.03.01 Экономика/Бюджетная основа/Общие места (очн.)  5 / Ориг. / 198 (30) из 13
23 (10),162-065-110 25,209,66,64,79,---,Ориг.,4,38.03.05 Бизнес-информатика/Бюджетная основа/Общие места (очн.)  1 / Ориг. / 231 (41) из 1638.03.02 Менеджмент/Бюджетная основа/Общие места (очн.)  2 / Ориг. / 221 (33) из 1043.03.01 Сервис/Бюджетная основа/Общие места (очн.)  3 / Ориг. / 81 (15) из 644.03.01 Педагогическое образование/Бюджетная основа/Общие места (очн.)  5 / Ориг. / 61 (47) из 2544.03.01 Педагогическое образование/Бюджетная основа/Общие места (очн.)  6 / Ориг. / 68 (17) из 1144.03.01 Педагогическое образование/Бюджетная основа/Общие места (очн.)  7 / Ориг. / 9 (4) из 539.03.02 Социальная работа/Бюджетная основа/Общие места (очн.)  8 / Ориг. / 101 (20) из 7
24,191-986-871 43,206,64,59,83,---,Копия,2,44.03.01 Педагогическое образование/Бюджетная основа/Общие места (заоч.)  1 / Копия / 6 (3) из 544.03.01 Педагогическое образование/Бюджетная основа/Общие места (очн.)  3 / Копия / 74 (19) из 11
25,192-575-133 91,205,68,68,69,---,Копия,4,09.03.02 Информационные системы и технологии/Бюджетная основа/Общие места (очн.)  1 / Копия / 194 (26) из 601.03.02 Прикладная математика и информатика/Бюджетная основа/Общие места (очн.)  2 / Копия / 249 (47) из 3502.03.01 Математика и компьютерные науки/Бюджетная основа/Общие места (очн.)  3 / Копия / 167 (31) из 1944.03.01 Педагогическое образование/Бюджетная основа/Общие места (очн.)  5 / Копия / 76 (19) из 11
26,160-299-788 94,205,66,67,72,---,Копия,5,38.03.03 Управление персоналом/Бюджетная основа/Общие места (очн.)  1 / Копия / 188 (34) из 938.03.02 Менеджмент/Бюджетная основа/Общие места (очн.)  2 / Копия / 232 (36) из 1043.03.01 Сервис/Бюджетная основа/Общие места (очн.)  3 / Копия / 88 (17) из 638.03.01 Экономика/Бюджетная основа/Общие места (очн.)  4 / Копия / 209 (34) из 13
27 (11),189-974-902 68,205,52,68,85,---,Ориг.,1,39.03.01 Социология/Бюджетная основа/Общие места (очн.)  2 / Ориг. / 196 (27) из 743.03.01 Сервис/Бюджетная основа/Общие места (очн.)  3 / Ориг. / 90 (17) из 638.03.02 Менеджмент/Бюджетная основа/Общие места (очн.)  4 / Ориг. / 234 (36) из 10
28,159-490-498 17,205,51,77,77,---,Копия,2,44.03.01 Педагогическое образование/Бюджетная основа/Общие места (очн.)  1 / Копия / 77 (19) из 1144.03.01 Педагогическое образование/Бюджетная основа/Общие места (заоч.)  3 / Копия / 7 (3) из 5
29,161-543-433 46,204,70,62,72,---,Копия,7,09.03.02 Информационные системы и технологии/Бюджетная основа/Общие места (очн.)  1 / Копия / 218 (32) из 644.03.01 Педагогическое образование/Бюджетная основа/Общие места (очн.)  2 / Копия / 10 (5) из 544.03.01 Педагогическое образование/Бюджетная основа/Общие места (очн.)  3 / Копия / 79 (20) из 1101.03.02 Прикладная математика и информатика/Бюджетная основа/Общие места (очн.)  4 / Копия / 275 (56) из 3512.03.04 Биотехнические системы и технологии/Бюджетная основа/Общие места (очн.)  5 / Копия / 65 (12) из 1544.03.05 Педагогическое образование(с двумя профилями подготовки)/Бюджетная основа/Общие места (очн.)  6 / Копия / 6 (4) из 8
30,193-492-345 00,204,70,57,77,---,Копия,3,44.03.01 Педагогическое образование/Бюджетная основа/Общие места (очн.)  1 / Копия / 80 (20) из 1144.03.01 Педагогическое образование/Бюджетная основа/Общие места (очн.)  2 / Копия / 11 (5) из 503.03.02 Физика/Бюджетная основа/Общие места (очн.)  4 / Копия / 34 (6) из 7
31,162-574-299 84,203,52,66,85,---,Копия,2,44.03.01 Педагогическое образование/Бюджетная основа/Общие места (очн.)  1 / Копия / 83 (20) из 1144.03.01 Педагогическое образование/Бюджетная основа/Общие места (очн.)  3 / Копия / 12 (5) из 544.03.01 Педагогическое образование/Бюджетная основа/Общие места (очн.)  4 / Копия / 15 (6) из 644.03.01 Педагогическое образование/Бюджетная основа/Общие места (очн.)  5 / Копия / 52 (16) из 538.03.03 Управление персоналом/Бюджетная основа/Общие места (очн.)  6 / Копия / 197 (35) из 943.03.01 Сервис/Бюджетная основа/Общие места (очн.)  7 / Копия / 94 (18) из 639.03.01 Социология/Бюджетная основа/Общие места (очн.)  8 / Копия / 204 (28) из 730.05.01 Медицинская биохимия/Бюджетная основа/Общие места (очн.)  9 / Копия / 211 (31) из 1544.03.01 Педагогическое образование/Бюджетная основа/Общие места (заоч.)  10 / Копия / 9 (4) из 544.03.01 Педагогическое образование/Бюджетная основа/Общие места (заоч.)  11 / Копия / 2 (2) из 543.03.01 Сервис/Бюджетная основа/Общие места (заоч.)  12 / Копия / 13 (2) из 739.03.01 Социология/Бюджетная основа/Общие места (заоч.)  13 / Копия / 25 (6) из 7
32,192-491-393 97,201,58,73,70,---,Копия,4,38.03.02 Менеджмент/Бюджетная основа/Общие места (очн.)  1 / Копия / 249 (39) из 1038.03.03 Управление персоналом/Бюджетная основа/Общие места (очн.)  2 / Копия / 203 (35) из 938.03.01 Экономика/Бюджетная основа/Общие места (очн.)  3 / Копия / 227 (34) из 1338.03.05 Бизнес-информатика/Бюджетная основа/Общие места (очн.)  5 / Копия / 261 (44) из 16
33 (12),163-326-303 41,196,58,75,63,---,Ориг.,5,44.03.01 Педагогическое образование/Бюджетная основа/Общие места (очн.)  1 / Ориг. / 97 (23) из 1138.03.03 Управление персоналом/Бюджетная основа/Общие места (очн.)  2 / Ориг. / 216 (37) из 938.03.02 Менеджмент/Бюджетная основа/Общие места (очн.)  3 / Ориг. / 263 (42) из 1043.03.01 Сервис/Бюджетная основа/Общие места (очн.)  4 / Ориг. / 107 (19) из 6
34,159-340-907 83,192,64,47,81,---,Копия,3,09.03.03 Прикладная информатика/Бюджетная основа/Общие места (очн.)  1 / Копия / 65 (16) из 702.03.01 Математика и компьютерные науки/Бюджетная основа/Общие места (очн.)  2 / Копия / 209 (41) из 1909.03.01 Информатика и вычислительная техника/Бюджетная основа/Общие места (очн.)  4 / Копия / 426 (79) из 2205.03.01 Геология/Бюджетная основа/Общие места (очн.)  5 / Копия / 42 (9) из 28
35 (13),159-033-541 62,191,54,60,77,---,Ориг.,2,44.03.01 Педагогическое образование/Целевой прием/Общие места (очн.)  1 / Ориг. / 1 (1) из 444.03.01 Педагогическое образование/Бюджетная основа/Общие места (очн.)  3 / Ориг. / 109 (26) из 1142.03.02 Журналистика/Бюджетная основа/Общие места (очн.)  4 / Ориг. / 156 (59) из 8
36 (14),157-454-772 99,189,70,53,66,---,Ориг.,1,44.03.01 Педагогическое образование/Бюджетная основа/Общие места (очн.)  2 / Ориг. / 111 (28) из 1144.03.01 Педагогическое образование/Бюджетная основа/Общие места (очн.)  3 / Ориг. / 15 (6) из 538.03.05 Бизнес-информатика/Бюджетная основа/Общие места (очн.)  4 / Ориг. / 291 (49) из 1638.03.02 Менеджмент/Бюджетная основа/Общие места (очн.)  5 / Ориг. / 281 (50) из 10
37,159-670-445 06,189,66,62,61,---,Копия,9,38.03.01 Экономика/Бюджетная основа/Общие места (очн.)  1 / Копия / 252 (41) из 1338.03.05 Бизнес-информатика/Бюджетная основа/Общие места (очн.)  2 / Копия / 292 (50) из 1638.03.02 Менеджмент/Бюджетная основа/Общие места (очн.)  3 / Копия / 282 (51) из 1038.03.03 Управление персоналом/Бюджетная основа/Общие места (очн.)  4 / Копия / 228 (42) из 944.03.01 Педагогическое образование/Бюджетная основа/Общие места (очн.)  5 / Копия / 112 (29) из 1144.03.01 Педагогическое образование/Бюджетная основа/Общие места (заоч.)  6 / Копия / 14 (4) из 544.03.01 Педагогическое образование/Бюджетная основа/Общие места (очн.)  7 / Копия / 16 (7) из 544.03.01 Педагогическое образование/Бюджетная основа/Общие места (заоч.)  8 / Копия / 4 (2) из 5
38,146-851-415 78,188,46,59,83,---,Копия,1,44.03.01 Педагогическое образование/Бюджетная основа/ОП/Общие места (очн.)  ОП 1 / Копия / 1 (1) из 138.03.01 Экономика/Бюджетная основа/ОП/Общие места (очн.)  ОП 2 / Копия / 3 (1) из 238.03.02 Менеджмент/Бюджетная основа/ОП/Общие места (очн.)  ОП 3 / Копия / 3 (1) из 2
39 (15),163-241-370 36,187,58,60,69,---,Ориг.,2,44.03.01 Педагогическое образование/Бюджетная основа/Общие места (очн.)  1 / Ориг. / 17 (7) из 544.03.01 Педагогическое образование/Бюджетная основа/Общие места (очн.)  3 / Ориг. / 115 (29) из 1138.03.05 Бизнес-информатика/Бюджетная основа/Общие места (очн.)  4 / Ориг. / 296 (51) из 1639.03.01 Социология/Бюджетная основа/Общие места (очн.)  5 / Ориг. / 238 (34) из 738.03.02 Менеджмент/Бюджетная основа/Общие места (очн.)  6 / Ориг. / 287 (51) из 1043.03.01 Сервис/Бюджетная основа/Общие места (очн.)  7 / Ориг. / 117 (23) из 6
40,166-515-653 84,187,52,62,73,---,Копия,2,44.03.01 Педагогическое образование/Бюджетная основа/Общие места (очн.)  1 / Копия / 116 (30) из 1143.03.01 Сервис/Бюджетная основа/Общие места (очн.)  3 / Копия / 118 (24) из 643.03.01 Сервис/Бюджетная основа/Общие места (заоч.)  4 / Копия / 17 (2) из 744.03.01 Педагогическое образование/Бюджетная основа/Общие места (очн.)  5 / Копия / 18 (8) из 5
41 (16),160-541-097 35,181,52,62,67,---,Ориг.,3,44.03.01 Педагогическое образование/Бюджетная основа/Общие места (очн.)  1 / Ориг. / 122 (30) из 1144.03.01 Педагогическое образование/Бюджетная основа/Общие места (очн.)  2 / Ориг. / 19 (8) из 5
42 (17),160-669-441 79,181,52,52,77,---,Ориг.,3,09.03.04 Программная инженерия/Бюджетная основа/Общие места (очн.)  1 / Ориг. / 384 (66) из 1402.03.02 Фундаментальная информатика и информационные технологии/Бюджетная основа/Общие места (очн.)  2 / Ориг. / 296 (73) из 1444.03.01 Педагогическое образование/Бюджетная основа/Общие места (очн.)  4 / Ориг. / 219 (86) из 1644.03.01 Педагогическое образование/Бюджетная основа/Общие места (очн.)  5 / Ориг. / 104 (44) из 5
43 (18),159-971-092 23,172,51,67,54,---,Ориг.,1,44.03.01 Педагогическое образование/Бюджетная основа/Общие места (очн.)  2 / Ориг. / 126 (32) из 11
44,200-468-496 39,169,40,66,63,---,Копия,8,44.03.01 Педагогическое образование/Бюджетная основа/Общие места (очн.)  1 / Копия / 128 (34) из 1105.03.02 География/Бюджетная основа/Общие места (очн.)  2 / Копия / 78 (32) из 1544.03.01 Педагогическое образование/Бюджетная основа/Общие места (очн.)  3 / Копия / 107 (30) из 544.03.01 Педагогическое образование/Бюджетная основа/Общие места (очн.)  4 / Копия / 34 (12) из 644.03.01 Педагогическое образование/Бюджетная основа/Общие места (очн.)  5 / Копия / 237 (103) из 1344.03.01 Педагогическое образование/Бюджетная основа/Общие места (очн.)  6 / Копия / 140 (64) из 844.03.01 Педагогическое образование/Бюджетная основа/Общие места (очн.)  7 / Копия / 22 (10) из 5
45,173-488-120 88,166,66,45,55,---,Копия,2,44.03.01 Педагогическое образование/Бюджетная основа/Общие места (очн.)  1 / Копия / 130 (34) из 1138.03.05 Бизнес-информатика/Бюджетная основа/Общие места (очн.)  3 / Копия / 340 (58) из 1644.03.01 Педагогическое образование/Бюджетная основа/Общие места (очн.)  4 / Копия / 24 (10) из 5
46 (19),161-315-661 37,161,54,47,60,---,Ориг.,2,44.03.01 Педагогическое образование/Целевой прием/Общие места (очн.)  1 / Ориг. / 2 (2) из 409.03.02 Информационные системы и технологии/Бюджетная основа/Общие места (очн.)  3 / Ориг. / 387 (57) из 609.03.01 Информатика и вычислительная техника/Бюджетная основа/Общие места (очн.)  4 / Ориг. / 536 (96) из 22
47 (20),159-974-763 51,160,52,53,55,---,Ориг.,2,44.03.01 Педагогическое образование/Целевой прием/Общие места (очн.)  1 / Ориг. / 13 (9) из 8
48,191-863-124 88,153,68,Нет данных,85,---,Копия,3,38.03.05 Бизнес-информатика/Бюджетная основа/Общие места (очн.)  1 / Копия / 174 (33) из 1610.05.01 Компьютерная безопасность/Бюджетная основа/Общие места (очн.)  2 / Копия / 199 (52) из 2002.03.02 Фундаментальная информатика и информационные технологии/Бюджетная основа/Общие места (очн.)  4 / Копия / 207 (61) из 1409.03.04 Программная инженерия/Бюджетная основа/Общие места (очн.)  5 / Копия / 234 (54) из 14
49,159-531-172 79,151,74,Нет данных,77,---,Копия,2,38.03.05 Бизнес-информатика/Бюджетная основа/Общие места (очн.)  1 / Копия / 185 (34) из 1644.03.01 Педагогическое образование/Бюджетная основа/Общие места (очн.)  3 / Копия / 137 (34) из 1109.03.03 Прикладная информатика/Бюджетная основа/Общие места (очн.)  4 / Копия / 172 (27) из 2202.03.01 Математика и компьютерные науки/Бюджетная основа/Общие места (очн.)  5 / Копия / 88 (19) из 1901.03.02 Прикладная математика и информатика/Бюджетная основа/Общие места (очн.)  6 / Копия / 141 (27) из 35
50,163-436-863 79,145,54,47,44,---,Копия,5,10.05.01 Компьютерная безопасность/Бюджетная основа/Общие места (очн.)  1 / Копия / 407 (83) из 2009.03.04 Программная инженерия/Бюджетная основа/Общие места (очн.)  2 / Копия / 443 (76) из 1409.03.01 Информатика и вычислительная техника/Бюджетная основа/Общие места (очн.)  3 / Копия / 551 (97) из 2202.03.03 Математическое обеспечение и администрирование информационных систем/Бюджетная основа/Общие места (очн.)  4 / Копия / 322 (76) из 18
51 (21),163-778-261 04,143,64,Нет данных,79,---,Ориг.,3,09.03.01 Информатика и вычислительная техника/Бюджетная основа/Общие места (очн.)  1 / Ориг. / 377 (72) из 2209.03.01 Информатика и вычислительная техника/Бюджетная основа/ОП/Общие места (очн.)  ОП 1 / Ориг. / 3 (1) из 409.03.03 Прикладная информатика/Бюджетная основа/Общие места (очн.)  2 / Ориг. / 301 (44) из 2209.03.03 Прикладная информатика/Бюджетная основа/ОП/Общие места (очн.)  ОП 2 / Ориг. / 2 (1) из 444.03.01 Педагогическое образование/Бюджетная основа/ОП/Общие места (очн.)  ОП 3 / Ориг. / 2 (1) из 101.03.03 Механика и математическое моделирование/Бюджетная основа/Общие места (очн.)  4 / Ориг. / 50 (12) из 701.03.03 Механика и математическое моделирование/Бюджетная основа/ОП/Общие места (очн.)  ОП 4 / Ориг. / 2 (2) из 102.03.01 Математика и компьютерные науки/Бюджетная основа/Общие места (очн.)  5 / Ориг. / 159 (30) из 1902.03.01 Математика и компьютерные науки/Бюджетная основа/ОП/Общие места (очн.)  ОП 5 / Ориг. / 1 (1) из 3
52,190-868-326 08,141,Нет данных,56,85,---,Копия,2,42.03.02 Журналистика/Бюджетная основа/Общие места (очн.)  1 / Копия / 67 (29) из 8
53,160-374-418 47,139,58,Нет данных,81,---,Копия,5,09.03.04 Программная инженерия/Бюджетная основа/Общие места (очн.)  1 / Копия / 334 (60) из 1402.03.02 Фундаментальная информатика и информационные технологии/Бюджетная основа/Общие места (очн.)  2 / Копия / 262 (68) из 1410.05.01 Компьютерная безопасность/Бюджетная основа/Общие места (очн.)  3 / Копия / 311 (70) из 2011.03.04 Электроника и наноэлектроника/Бюджетная основа/Общие места (очн.)  4 / Копия / 45 (6) из 6
54,168-933-064 08,131,56,Нет данных,75,---,Копия,1,12.03.04 Биотехнические системы и технологии/Бюджетная основа/Общие места (очн.)  2 / Копия / 91 (18) из 1522.03.01 Материаловедение и технологии материалов/Бюджетная основа/Общие места (очн.)  3 / Копия / 32 (7) из 711.03.04 Электроника и наноэлектроника/Бюджетная основа/Общие места (очн.)  4 / Копия / 61 (10) из 603.03.01 Прикладные математика и физика/Бюджетная основа/Общие места (очн.)  5 / Копия / 55 (10) из 7
55,191-919-936 20,130,67,Нет данных,63,---,Копия,4,10.05.01 Компьютерная безопасность/Бюджетная основа/Общие места (очн.)  1 / Копия / 334 (74) из 2009.03.03 Прикладная информатика/Бюджетная основа/Общие места (очн.)  2 / Копия / 361 (56) из 2201.03.02 Прикладная математика и информатика/Бюджетная основа/Общие места (очн.)  3 / Копия / 310 (60) из 3502.03.01 Математика и компьютерные науки/Бюджетная основа/Общие места (очн.)  5 / Копия / 223 (45) из 19
56 (22),160-127-237 19,124,39,45,40,---,Ориг.,5,44.03.01 Педагогическое образование/Бюджетная основа/Общие места (очн.)  1 / Ориг. / 244 (104) из 1344.03.03 Специальное-дефектологическое образование/Бюджетная основа/Общие места (очн.)  2 / Ориг. / 165 (74) из 644.03.01 Педагогическое образование/Бюджетная основа/Общие места (очн.)  3 / Ориг. / 41 (34) из 1044.03.01 Педагогическое образование/Бюджетная основа/Общие места (очн.)  4 / Ориг. / 144 (64) из 844.03.01 Педагогическое образование/Бюджетная основа/Общие места (заоч.)  6 / Ориг. / 89 (50) из 1244.03.03 Специальное-дефектологическое образование/Бюджетная основа/Общие места (заоч.)  7 / Ориг. / 80 (49) из 544.03.01 Педагогическое образование/Бюджетная основа/Общие места (заоч.)  8 / Ориг. / 44 (39) из 1044.03.01 Педагогическое образование/Бюджетная основа/Общие места (заоч.)  9 / Ориг. / 41 (22) из 6
57 (23),160-482-902 57,108,Нет данных,47,61,---,Ориг.,6,44.03.01 Педагогическое образование/Целевой прием/Общие места (очн.)  1 / Ориг. / 14 (10) из 844.03.01 Педагогическое образование/Бюджетная основа/Общие места (очн.)  2 / Ориг. / 142 (34) из 1144.03.01 Педагогическое образование/Бюджетная основа/Общие места (заоч.)  3 / Ориг. / 18 (6) из 544.03.01 Педагогическое образование/Бюджетная основа/Общие места (заоч.)  4 / Ориг. / 125 (75) из 1244.03.01 Педагогическое образование/Целевой прием/Общие места (очн.)  5 / Ориг. / 3 (2) из 344.03.01 Педагогическое образование/Бюджетная основа/Общие места (очн.)  7 / Ориг. / 254 (111) из 1344.03.01 Педагогическое образование/Бюджетная основа/Общие места (заоч.)  8 / Ориг. / 7 (3) из 5
58,164-048-574 69,67,Нет данных,Нет данных,67,---,Копия,1,21.05.02 Прикладная геология/Бюджетная основа/Общие места (очн.)  2 / Копия / 118 (33) из 21
59,159-973-029 24,0,Нет данных,Нет данных,Нет данных,---,Копия,1,44.03.01 Педагогическое образование/Бюджетная основа/Общие места (очн.)  2 / Копия / 272 (116) из 13
