,,,,,,,,,
1 (1),159-434-139 84,221,76,64,81,---,Ориг.,1,44.03.01 Педагогическое образование/Бюджетная основа/Общие места (очн.)  1 / Ориг. / 10 (4) из 644.03.01 Педагогическое образование/Бюджетная основа/Общие места (очн.)  2 / Ориг. / 32 (6) из 1109.03.03 Прикладная информатика/Бюджетная основа/Общие места (очн.)  3 / Ориг. / 154 (25) из 2209.03.01 Информатика и вычислительная техника/Бюджетная основа/Общие места (очн.)  4 / Ориг. / 237 (53) из 2210.05.01 Компьютерная безопасность/Бюджетная основа/Общие места (очн.)  5 / Ориг. / 187 (49) из 2002.03.01 Математика и компьютерные науки/Бюджетная основа/Общие места (очн.)  6 / Ориг. / 74 (16) из 19
2 (2),161-987-112 92,220,66,71,83,---,Ориг.,5,38.03.02 Менеджмент/Бюджетная основа/Общие места (очн.)  1 / Ориг. / 170 (23) из 1038.03.03 Управление персоналом/Бюджетная основа/Общие места (очн.)  2 / Ориг. / 139 (23) из 939.03.01 Социология/Бюджетная основа/Общие места (очн.)  3 / Ориг. / 131 (14) из 744.03.01 Педагогическое образование/Бюджетная основа/Общие места (очн.)  4 / Ориг. / 38 (9) из 1144.03.01 Педагогическое образование/Бюджетная основа/Общие места (очн.)  5 / Ориг. / 11 (5) из 6
3,192-745-296 05,214,72,63,79,---,Копия,1,44.03.01 Педагогическое образование/Бюджетная основа/Общие места (очн.)  1 / Копия / 14 (7) из 609.03.04 Программная инженерия/Бюджетная основа/Общие места (очн.)  2 / Копия / 247 (55) из 1402.03.03 Математическое обеспечение и администрирование информационных систем/Бюджетная основа/Общие места (очн.)  3 / Копия / 207 (53) из 1809.03.01 Информатика и вычислительная техника/Бюджетная основа/Общие места (очн.)  4 / Копия / 274 (58) из 2210.05.01 Компьютерная безопасность/Бюджетная основа/Общие места (очн.)  5 / Копия / 218 (54) из 2044.03.01 Педагогическое образование/Бюджетная основа/Общие места (очн.)  6 / Копия / 54 (14) из 11
4,159-380-993 16,210,40,83,87,---,Копия,2,37.03.01 Психология/Бюджетная основа/Общие места (очн.)  1 / Копия / 61 (20) из 1642.03.02 Журналистика/Бюджетная основа/Общие места (очн.)  2 / Копия / 14 (9) из 844.03.01 Педагогическое образование/Бюджетная основа/Общие места (очн.)  3 / Копия / 65 (16) из 1144.03.01 Педагогическое образование/Бюджетная основа/Общие места (очн.)  4 / Копия / 20 (9) из 638.03.02 Менеджмент/Бюджетная основа/Общие места (очн.)  5 / Копия / 218 (32) из 10
5,160-299-788 94,205,66,67,72,---,Копия,5,38.03.03 Управление персоналом/Бюджетная основа/Общие места (очн.)  1 / Копия / 188 (34) из 938.03.02 Менеджмент/Бюджетная основа/Общие места (очн.)  2 / Копия / 232 (36) из 1043.03.01 Сервис/Бюджетная основа/Общие места (очн.)  3 / Копия / 88 (17) из 638.03.01 Экономика/Бюджетная основа/Общие места (очн.)  4 / Копия / 209 (34) из 1344.03.01 Педагогическое образование/Бюджетная основа/Общие места (очн.)  5 / Копия / 26 (11) из 6
6 (3),189-974-902 68,205,52,68,85,---,Ориг.,1,44.03.01 Педагогическое образование/Бюджетная основа/Общие места (очн.)  1 / Ориг. / 27 (11) из 639.03.01 Социология/Бюджетная основа/Общие места (очн.)  2 / Ориг. / 196 (27) из 743.03.01 Сервис/Бюджетная основа/Общие места (очн.)  3 / Ориг. / 90 (17) из 638.03.02 Менеджмент/Бюджетная основа/Общие места (очн.)  4 / Ориг. / 234 (36) из 10
7,162-574-299 84,203,52,66,85,---,Копия,2,44.03.01 Педагогическое образование/Бюджетная основа/Общие места (очн.)  1 / Копия / 83 (20) из 1144.03.01 Педагогическое образование/Бюджетная основа/Общие места (очн.)  2 / Копия / 31 (12) из 644.03.01 Педагогическое образование/Бюджетная основа/Общие места (очн.)  3 / Копия / 12 (5) из 544.03.01 Педагогическое образование/Бюджетная основа/Общие места (очн.)  4 / Копия / 15 (6) из 644.03.01 Педагогическое образование/Бюджетная основа/Общие места (очн.)  5 / Копия / 52 (16) из 538.03.03 Управление персоналом/Бюджетная основа/Общие места (очн.)  6 / Копия / 197 (35) из 943.03.01 Сервис/Бюджетная основа/Общие места (очн.)  7 / Копия / 94 (18) из 639.03.01 Социология/Бюджетная основа/Общие места (очн.)  8 / Копия / 204 (28) из 730.05.01 Медицинская биохимия/Бюджетная основа/Общие места (очн.)  9 / Копия / 211 (31) из 1544.03.01 Педагогическое образование/Бюджетная основа/Общие места (заоч.)  10 / Копия / 9 (4) из 544.03.01 Педагогическое образование/Бюджетная основа/Общие места (заоч.)  11 / Копия / 2 (2) из 543.03.01 Сервис/Бюджетная основа/Общие места (заоч.)  12 / Копия / 13 (2) из 739.03.01 Социология/Бюджетная основа/Общие места (заоч.)  13 / Копия / 25 (6) из 7
8,192-491-393 97,201,58,73,70,---,Копия,4,38.03.02 Менеджмент/Бюджетная основа/Общие места (очн.)  1 / Копия / 249 (39) из 1038.03.03 Управление персоналом/Бюджетная основа/Общие места (очн.)  2 / Копия / 203 (35) из 938.03.01 Экономика/Бюджетная основа/Общие места (очн.)  3 / Копия / 227 (34) из 1344.03.01 Педагогическое образование/Бюджетная основа/Общие места (очн.)  4 / Копия / 32 (12) из 638.03.05 Бизнес-информатика/Бюджетная основа/Общие места (очн.)  5 / Копия / 261 (44) из 16
9 (4),163-326-303 41,196,58,75,63,---,Ориг.,5,44.03.01 Педагогическое образование/Бюджетная основа/Общие места (очн.)  1 / Ориг. / 97 (23) из 1138.03.03 Управление персоналом/Бюджетная основа/Общие места (очн.)  2 / Ориг. / 216 (37) из 938.03.02 Менеджмент/Бюджетная основа/Общие места (очн.)  3 / Ориг. / 263 (42) из 1043.03.01 Сервис/Бюджетная основа/Общие места (очн.)  4 / Ориг. / 107 (19) из 644.03.01 Педагогическое образование/Бюджетная основа/Общие места (очн.)  5 / Ориг. / 33 (12) из 6
10,159-670-445 06,189,66,62,61,---,Копия,12,38.03.01 Экономика/Бюджетная основа/Общие места (очн.)  1 / Копия / 252 (41) из 1338.03.05 Бизнес-информатика/Бюджетная основа/Общие места (очн.)  2 / Копия / 292 (50) из 1638.03.02 Менеджмент/Бюджетная основа/Общие места (очн.)  3 / Копия / 282 (51) из 1038.03.03 Управление персоналом/Бюджетная основа/Общие места (очн.)  4 / Копия / 228 (42) из 944.03.01 Педагогическое образование/Бюджетная основа/Общие места (очн.)  5 / Копия / 112 (29) из 1144.03.01 Педагогическое образование/Бюджетная основа/Общие места (заоч.)  6 / Копия / 14 (4) из 544.03.01 Педагогическое образование/Бюджетная основа/Общие места (очн.)  7 / Копия / 16 (7) из 544.03.01 Педагогическое образование/Бюджетная основа/Общие места (заоч.)  8 / Копия / 4 (2) из 544.03.01 Педагогическое образование/Бюджетная основа/Общие места (очн.)  9 / Копия / 37 (15) из 6
11,166-515-653 84,187,52,62,73,---,Копия,2,44.03.01 Педагогическое образование/Бюджетная основа/Общие места (очн.)  1 / Копия / 116 (30) из 1144.03.01 Педагогическое образование/Бюджетная основа/Общие места (очн.)  2 / Копия / 40 (16) из 643.03.01 Сервис/Бюджетная основа/Общие места (очн.)  3 / Копия / 118 (24) из 643.03.01 Сервис/Бюджетная основа/Общие места (заоч.)  4 / Копия / 17 (2) из 744.03.01 Педагогическое образование/Бюджетная основа/Общие места (очн.)  5 / Копия / 18 (8) из 5
12 (5),160-669-441 79,181,52,52,77,---,Ориг.,2,09.03.04 Программная инженерия/Бюджетная основа/Общие места (очн.)  1 / Ориг. / 384 (66) из 1402.03.02 Фундаментальная информатика и информационные технологии/Бюджетная основа/Общие места (очн.)  2 / Ориг. / 296 (73) из 1444.03.01 Педагогическое образование/Бюджетная основа/Общие места (очн.)  3 / Ориг. / 42 (17) из 644.03.01 Педагогическое образование/Бюджетная основа/Общие места (очн.)  4 / Ориг. / 219 (86) из 1644.03.01 Педагогическое образование/Бюджетная основа/Общие места (очн.)  5 / Ориг. / 104 (44) из 5
13,173-488-120 88,166,66,45,55,---,Копия,1,44.03.01 Педагогическое образование/Бюджетная основа/Общие места (очн.)  1 / Копия / 130 (34) из 1144.03.01 Педагогическое образование/Бюджетная основа/Общие места (очн.)  2 / Копия / 45 (19) из 638.03.05 Бизнес-информатика/Бюджетная основа/Общие места (очн.)  3 / Копия / 340 (58) из 1644.03.01 Педагогическое образование/Бюджетная основа/Общие места (очн.)  4 / Копия / 24 (10) из 5
14 (6),161-315-661 37,161,54,47,60,---,Ориг.,1,44.03.01 Педагогическое образование/Целевой прием/Общие места (очн.)  1 / Ориг. / 2 (2) из 444.03.01 Педагогическое образование/Бюджетная основа/Общие места (очн.)  2 / Ориг. / 46 (19) из 609.03.02 Информационные системы и технологии/Бюджетная основа/Общие места (очн.)  3 / Ориг. / 387 (57) из 609.03.01 Информатика и вычислительная техника/Бюджетная основа/Общие места (очн.)  4 / Ориг. / 536 (96) из 22
15 (7),160-482-902 57,108,Нет данных,47,61,---,Ориг.,6,44.03.01 Педагогическое образование/Целевой прием/Общие места (очн.)  1 / Ориг. / 14 (10) из 844.03.01 Педагогическое образование/Бюджетная основа/Общие места (очн.)  2 / Ориг. / 142 (34) из 1144.03.01 Педагогическое образование/Бюджетная основа/Общие места (заоч.)  3 / Ориг. / 18 (6) из 544.03.01 Педагогическое образование/Бюджетная основа/Общие места (заоч.)  4 / Ориг. / 125 (75) из 1244.03.01 Педагогическое образование/Целевой прием/Общие места (очн.)  5 / Ориг. / 3 (2) из 344.03.01 Педагогическое образование/Бюджетная основа/Общие места (очн.)  6 / Ориг. / 57 (23) из 644.03.01 Педагогическое образование/Бюджетная основа/Общие места (очн.)  7 / Ориг. / 254 (111) из 1344.03.01 Педагогическое образование/Бюджетная основа/Общие места (заоч.)  8 / Ориг. / 7 (3) из 5
16,159-973-029 24,0,Нет данных,Нет данных,Нет данных,---,Копия,1,44.03.01 Педагогическое образование/Бюджетная основа/Общие места (очн.)  1 / Копия / 59 (24) из 644.03.01 Педагогическое образование/Бюджетная основа/Общие места (очн.)  2 / Копия / 272 (116) из 13
