,,,,,,,,,
1,162-574-299 84,203,52,66,85,---,Копия,12,44.03.01 Педагогическое образование/Бюджетная основа/Общие места (очн.)  1 / Копия / 83 (20) из 1144.03.01 Педагогическое образование/Бюджетная основа/Общие места (очн.)  2 / Копия / 31 (12) из 644.03.01 Педагогическое образование/Бюджетная основа/Общие места (очн.)  3 / Копия / 12 (5) из 544.03.01 Педагогическое образование/Бюджетная основа/Общие места (очн.)  4 / Копия / 15 (6) из 644.03.01 Педагогическое образование/Бюджетная основа/Общие места (очн.)  5 / Копия / 52 (16) из 538.03.03 Управление персоналом/Бюджетная основа/Общие места (очн.)  6 / Копия / 197 (35) из 943.03.01 Сервис/Бюджетная основа/Общие места (очн.)  7 / Копия / 94 (18) из 639.03.01 Социология/Бюджетная основа/Общие места (очн.)  8 / Копия / 204 (28) из 730.05.01 Медицинская биохимия/Бюджетная основа/Общие места (очн.)  9 / Копия / 211 (31) из 1544.03.01 Педагогическое образование/Бюджетная основа/Общие места (заоч.)  10 / Копия / 9 (4) из 544.03.01 Педагогическое образование/Бюджетная основа/Общие места (заоч.)  11 / Копия / 2 (2) из 543.03.01 Сервис/Бюджетная основа/Общие места (заоч.)  12 / Копия / 13 (2) из 739.03.01 Социология/Бюджетная основа/Общие места (заоч.)  13 / Копия / 25 (6) из 7
2,159-670-445 06,189,66,62,61,---,Копия,13,38.03.01 Экономика/Бюджетная основа/Общие места (очн.)  1 / Копия / 252 (41) из 1338.03.05 Бизнес-информатика/Бюджетная основа/Общие места (очн.)  2 / Копия / 292 (50) из 1638.03.02 Менеджмент/Бюджетная основа/Общие места (очн.)  3 / Копия / 282 (51) из 1038.03.03 Управление персоналом/Бюджетная основа/Общие места (очн.)  4 / Копия / 228 (42) из 944.03.01 Педагогическое образование/Бюджетная основа/Общие места (очн.)  5 / Копия / 112 (29) из 1144.03.01 Педагогическое образование/Бюджетная основа/Общие места (заоч.)  6 / Копия / 14 (4) из 544.03.01 Педагогическое образование/Бюджетная основа/Общие места (очн.)  7 / Копия / 16 (7) из 544.03.01 Педагогическое образование/Бюджетная основа/Общие места (заоч.)  8 / Копия / 4 (2) из 544.03.01 Педагогическое образование/Бюджетная основа/Общие места (очн.)  9 / Копия / 37 (15) из 6
3 (1),155-446-207 64,165,64,50,51,---,Ориг.,2,44.03.01 Педагогическое образование/Бюджетная основа/Общие места (заоч.)  1 / Ориг. / 17 (5) из 5
4 (2),160-833-212 41,150,54,49,47,---,Ориг.,1,
5 (3),160-482-902 57,108,Нет данных,47,61,---,Ориг.,4,44.03.01 Педагогическое образование/Целевой прием/Общие места (очн.)  1 / Ориг. / 14 (10) из 844.03.01 Педагогическое образование/Бюджетная основа/Общие места (очн.)  2 / Ориг. / 142 (34) из 1144.03.01 Педагогическое образование/Бюджетная основа/Общие места (заоч.)  3 / Ориг. / 18 (6) из 544.03.01 Педагогическое образование/Бюджетная основа/Общие места (заоч.)  4 / Ориг. / 125 (75) из 1244.03.01 Педагогическое образование/Целевой прием/Общие места (очн.)  5 / Ориг. / 3 (2) из 344.03.01 Педагогическое образование/Бюджетная основа/Общие места (очн.)  6 / Ориг. / 57 (23) из 644.03.01 Педагогическое образование/Бюджетная основа/Общие места (очн.)  7 / Ориг. / 254 (111) из 1344.03.01 Педагогическое образование/Бюджетная основа/Общие места (заоч.)  8 / Ориг. / 7 (3) из 5
6 (4),161-809-002 49,45,45,Нет данных,Нет данных,---,Ориг.,1,44.04.01 Педагогическое образование/Бюджетная основа/Общие места (заоч.)  1 / Ориг. / 7 (2) из 444.04.02 Психолого-педагогическое образование/Бюджетная основа/Общие места (заоч.)  2 / Ориг. / 7 (3) из 8
7,076-168-103 71,39,39,Нет данных,Нет данных,---,Копия,5,44.03.02 Психолого-педагогическое образование/Бюджетная основа/Общие места (заоч.)  1 / Копия / 143 (77) из 844.03.01 Педагогическое образование/Бюджетная основа/Общие места (заоч.)  2 / Копия / 23 (8) из 844.03.01 Педагогическое образование/Бюджетная основа/Общие места (заоч.)  3 / Копия / 22 (8) из 509.03.03 Прикладная информатика/Бюджетная основа/Общие места (заоч.)  4 / Копия / 30 (10) из 739.03.03 Организация работы с молодёжью/Бюджетная основа/Общие места (заоч.)  5 / Копия / 60 (17) из 6
8,159-973-029 24,0,Нет данных,Нет данных,Нет данных,---,Копия,3,44.03.01 Педагогическое образование/Бюджетная основа/Общие места (очн.)  1 / Копия / 59 (24) из 644.03.01 Педагогическое образование/Бюджетная основа/Общие места (очн.)  2 / Копия / 272 (116) из 13
9,165-172-941 76,0,Нет данных,Нет данных,Нет данных,---,Копия,3,
