,,,,,,,,,,,,,,,
Конкурсная группа,"

 
Бизнес-информатика - Деловая аналитика
Гостиничное дело - Организация и управление в гостиничном и ресторанном бизнесе
Государственное и муниципальное управление - Государственное и муниципальное управление в регионе
Информационные системы и технологии - Цифровизация экономической деятельности
Менеджмент (1 группа профилей (профили: Логистика и управление цепями поставок, Маркетинг и управление брендами))
Менеджмент (2 группа профилей (профили: Управление проектами, Управление бизнесом, Промышленный хайтек и урбанистик, Финансовый менеджмент и управление инвестициями, Международный бизнес))
Прикладная информатика - Управление бизнес-процессами и проектами
Прикладная математика и информатика - Прикладная математика и информатика в экономике и управлении
Сервис - Управление и дизайн в индустрии событий
Социология - Социология управления
Торговое дело - Коммерция и электронная торговля
Туризм - Организация и управление в индустрии туризма
Управление персоналом - Кадровый менеджмент
Экономика

",,,,,,,,,,,,,,
Приоритет,"
все
первый
второй
третий

",Статус,"
все
проект приказа
зачислен

",,,,,,,,,,,,
Ориг.док-та,"
все
подлинник
копия

",,,,,,,,,,,,,,
Договор,"
все
заключен
НЕ заключен

",,,,,,,,,,,,,,
1,170-464-512 53,1529,Министерство экономики Удмуртской республики,1,259,249,70,90,-,89,10, ,Копия,Есть,
2,167-721-582 94,5036,"АО ""ЛОМО""",3,242,240,68,77,73,95,2, ,Копия,Есть,
3,196-036-973 04,3326,АО «Теплосеть Санкт-Петербурга»,3,225,225,66,72,-,87, , ,Копия,Есть,
4,164-724-114 61,3426,"АО ""Научно-производственное предприятие ""Радар ммс""",1,213,211,66,66,-,79,2, ,Копия,Есть,
5,166-473-395 00,4405,"ГКУ ""АЭРЛО""",1,208,206,66,67,-,73,2, ,Подлинник 2023-07-15,Есть,
1,171-146-454 47,5006,3,275,275,90,90,-,95, ,Подлинник 2023-07-20,Есть,,,
2,152-155-103 19,2897,2,273,273,80,100,-,93, ,Копия,Есть,,,
3,186-158-344 98,526,2,271,269,90,88,79,91,2,Копия,Есть,,,
4,173-540-128 50,4260,1,258,248,80,-,73,95,10,Копия,Есть,,,
5,166-100-891 47,8983,3,256,254,84,79,-,91,2,Копия,Есть,,,
6,172-558-783 04,5047,4,251,249,64,92,-,93,2,Копия,Есть,,,
7,178-682-873 44,6350,5,250,248,84,77,-,87,2,Копия,Есть,,,
8,166-731-198 88,1238,2,249,240,68,85,-,87,9,Копия,Есть,,,
9,173-541-272 61,253,4,245,245,66,69,93,86, ,Копия,Есть,,,
10,193-027-752 72,5541,1,240,240,68,81,-,91, ,Копия,Есть,,,
11,139-594-103 92,558,4,238,238,70,79,-,89, ,ЕПГУ 2023-07-20,Есть,,,
12,188-414-458 02,5594,3,235,228,66,71,83,79,7,Копия,Есть,,,
13,149-120-107 29,6170,3,234,234,74,75,-,85, ,Копия,Есть,,,
14,192-695-281 17,8219,1,232,232,78,-,74,80, ,Копия,Есть,,,
15,130-269-822 40,6724,1,231,231,72,63,-,96, ,Копия,Есть,,,
16,159-236-950 99,6287,1,224,224,70,73,-,81, ,Копия,Есть,,,
17,159-181-460 85,1048,2,224,224,66,71,-,87, ,Копия,Есть,,,
18,179-550-616 07,5879,4,221,221,74,-,64,83, ,Копия,Есть,,,
19,171-021-364 10,8062,4,221,221,58,70,-,93, ,Копия,Есть,,,
20,167-750-283 97,778,4,219,209,70,67,-,72,10,Копия,Есть,,,
21,127-329-312 50,6368,3,219,209,58,-,70,81,10,Копия,Есть,,,
22,190-941-310 69,4251,4,218,218,58,81,49,79, ,Копия,Есть,,,
23,153-849-680 06,2266,3,217,217,52,-,76,89, ,Копия,Есть,,,
24,174-250-322 44,599,3,211,211,66,66,-,79, ,Копия,Есть,,,
25,167-160-276 67,7502,1,211,211,58,-,70,83, ,Копия,Есть,,,
26,163-013-636 24,193,1,208,208,78,68,-,62, ,Копия,Есть,,,
27,162-875-078 95,5164,3,206,206,66,59,-,81, ,Копия,Есть,,,
28,174-353-672 81,6453,2,203,203,52,70,-,81, ,Копия,Есть,,,
29,159-794-505 33,1247,1,202,202,68,64,-,70, ,Копия,Есть,,,
30,139-959-918 46,1053,3,198,198,68,57,-,73, ,Копия,Есть,,,
31,166-009-393 64,4754,3,197,197,68,-,48,81, ,Копия,Есть,,,
32,161-951-920 77,567,3,197,197,66,70,-,61, ,Копия,Есть,,,
33,180-558-760 92,734,4,194,194,50,77,-,67, ,Копия,Есть,,,
34,173-729-300 82,7782,1,185,183,46,56,-,81,2,Копия,Есть,,,
35,169-646-501 14,551,6,171,171,46,59,-,66, ,Копия,Есть,,,
36,143-114-580 19,4940,4,149,149,66,-,-,83, ,Копия,Есть,,,
37,155-716-309 72,6555,4,33,33,-,-,-,33, ,Копия,Есть,,,
38,145-906-566 86,6681,1,0,0,-,0,-,0, ,Копия,Есть,,,
1,4159,1,Без вступительных,2,Копия,Есть,,,,,,,,,
2,4919,2,Без вступительных,2,Копия,Есть,,,,,,,,,
3,5565,4,Без вступительных, ,Копия,Есть,,,,,,,,,
4,4656,1,Без вступительных, ,Копия,Есть,,,,,,,,,
5,6171,1,Без вступительных, ,Копия,Есть,,,,,,,,,
6,8612,5,Без вступительных, ,Копия,Есть,,,,,,,,,
7,6922,2,275,265,80,96,84,89,10,Копия,Есть,,,,
8,5650,3,267,257,78,90,78,89,10,Подлинник 2023-07-17,Есть,,,,
9,6610,3,259,249,78,-,84,87,10,Копия,Есть,,,,
10,1733,1,240,238,74,73,79,85,2,Копия,Есть,,,,
11,9129,6,240,238,72,88,-,78,2,Копия,Есть,,,,
12,8597,6,239,237,70,92,-,75,2,Копия,Есть,,,,
13,1996,1,235,235,66,86,-,83, ,Подлинник 2023-07-22,Есть,,,,
14,6473,1,234,234,68,81,-,85, ,Копия,Есть,,,,
15,3136,4,234,234,68,77,-,89, ,Копия,Есть,,,,
16,7516,3,234,234,58,85,-,91, ,Копия,Есть,,,,
17,924,1,234,224,64,75,-,85,10,Копия,Есть,,,,
18,1131,2,230,230,58,77,-,95, ,Подлинник 2023-06-28,Есть,,,,
19,5602,1,228,228,66,73,-,89, ,Копия,Есть,,,,
20,7141,5,225,223,70,68,-,85,2,Копия,Есть,,,,
21,6387,1,225,215,64,68,-,83,10,Копия,Есть,,,,
22,2917,1,217,217,40,86,-,91, ,Копия,Есть,,,,
23,1430,1,211,211,64,75,-,72, ,Копия,Есть,,,,
24,6105,2,199,199,64,71,-,64, ,Копия,Есть,,,,
25,1348,5,198,196,64,55,-,77,2,Копия,Есть,,,,
26,1429,3,188,188,52,59,-,77, ,Копия,Есть,,,,
27,4211,2,179,179,58,64,-,57, ,Копия,Есть,,,,
28,647,3,177,177,40,68,-,69, ,Копия,Есть,,,,
29,3312,2,167,167,78,-,-,89, ,ЕПГУ 2023-07-15,Есть,,,,
30,1386,6,164,164,52,52,-,60, ,Копия,Есть,,,,
31,6142,3,138,138,66,-,-,72, ,Подлинник 2023-07-21,Есть,,,,
32,1043,1,61,61,0,0,-,61, ,Копия,Есть,,,,
33,353,2,0,0,-,-,-,-, ,Копия,Есть,,,,
