,,,,,,,,,,,,,,,
Конкурсная группа,"

 
Бизнес-информатика - Деловая аналитика
Гостиничное дело - Организация и управление в гостиничном и ресторанном бизнесе
Государственное и муниципальное управление - Государственное и муниципальное управление в регионе
Информационные системы и технологии - Цифровизация экономической деятельности
Менеджмент (1 группа профилей (профили: Логистика и управление цепями поставок, Маркетинг и управление брендами))
Менеджмент (2 группа профилей (профили: Управление проектами, Управление бизнесом, Промышленный хайтек и урбанистик, Финансовый менеджмент и управление инвестициями, Международный бизнес))
Прикладная информатика - Управление бизнес-процессами и проектами
Прикладная математика и информатика - Прикладная математика и информатика в экономике и управлении
Сервис - Управление и дизайн в индустрии событий
Социология - Социология управления
Торговое дело - Коммерция и электронная торговля
Туризм - Организация и управление в индустрии туризма
Управление персоналом - Кадровый менеджмент
Экономика

",,,,,,,,,,,,,,
Приоритет,"
все
первый
второй
третий

",Статус,"
все
проект приказа
зачислен

",,,,,,,,,,,,
Ориг.док-та,"
все
подлинник
копия

",,,,,,,,,,,,,,
Договор,"
все
заключен
НЕ заключен

",,,,,,,,,,,,,,
1,170-464-512 53,1529,Министерство экономики Удмуртской республики,1,259,249,70,90,-,89,10, ,Копия,Есть,
2,167-721-582 94,5036,"АО ""ЛОМО""",3,242,240,68,77,73,95,2, ,Копия,Есть,
3,196-036-973 04,3326,АО «Теплосеть Санкт-Петербурга»,3,225,225,66,72,-,87, , ,Копия,Есть,
4,164-724-114 61,3426,"АО ""Научно-производственное предприятие ""Радар ммс""",1,213,211,66,66,-,79,2, ,Копия,Есть,
5,166-473-395 00,4405,"ГКУ ""АЭРЛО""",1,208,206,66,67,-,73,2, ,Подлинник 2023-07-15,Есть,
