,,,,,,,,,,,,,,,
Конкурсная группа,"

 
Бизнес-информатика - Деловая аналитика
Гостиничное дело - Организация и управление в гостиничном и ресторанном бизнесе
Государственное и муниципальное управление - Государственное и муниципальное управление в регионе
Информационные системы и технологии - Цифровизация экономической деятельности
Менеджмент (1 группа профилей (профили: Логистика и управление цепями поставок, Маркетинг и управление брендами))
Менеджмент (2 группа профилей (профили: Управление проектами, Управление бизнесом, Промышленный хайтек и урбанистик, Финансовый менеджмент и управление инвестициями, Международный бизнес))
Прикладная информатика - Управление бизнес-процессами и проектами
Прикладная математика и информатика - Прикладная математика и информатика в экономике и управлении
Сервис - Управление и дизайн в индустрии событий
Социология - Социология управления
Торговое дело - Коммерция и электронная торговля
Туризм - Организация и управление в индустрии туризма
Управление персоналом - Кадровый менеджмент
Экономика

",,,,,,,,,,,,,,
Приоритет,"
все
первый
второй
третий

",Статус,"
все
проект приказа
зачислен

",,,,,,,,,,,,
Ориг.док-та,"
все
подлинник
копия

",,,,,,,,,,,,,,
Договор,"
все
заключен
НЕ заключен

",,,,,,,,,,,,,,
1,166-140-249 47,6993,СПб ГБ ПОУ КПМ,1,221,219,72,80,-,67,2, ,Подлинник 2023-07-19,Есть,
2,143-497-405 75,5631,"ООО ""Газпром информ""",1,217,217,66,72,-,79, , ,Копия,Есть,
3,159-890-281 26,2366,"ФГБОУ ВО ""СПбГЭУ""",5,213,211,68,62,-,81,2, ,Подлинник 2023-07-12,Есть,
