,,,,,,,,,,,,,,,
Конкурсная группа,"

 
Бизнес-информатика - Деловая аналитика
Гостиничное дело - Организация и управление в гостиничном и ресторанном бизнесе
Государственное и муниципальное управление - Государственное и муниципальное управление в регионе
Информационные системы и технологии - Цифровизация экономической деятельности
Менеджмент (1 группа профилей (профили: Логистика и управление цепями поставок, Маркетинг и управление брендами))
Менеджмент (2 группа профилей (профили: Управление проектами, Управление бизнесом, Промышленный хайтек и урбанистик, Финансовый менеджмент и управление инвестициями, Международный бизнес))
Прикладная информатика - Управление бизнес-процессами и проектами
Прикладная математика и информатика - Прикладная математика и информатика в экономике и управлении
Сервис - Управление и дизайн в индустрии событий
Социология - Социология управления
Торговое дело - Коммерция и электронная торговля
Туризм - Организация и управление в индустрии туризма
Управление персоналом - Кадровый менеджмент
Экономика

",,,,,,,,,,,,,,
Приоритет,"
все
первый
второй
третий

",Статус,"
все
проект приказа
зачислен

",,,,,,,,,,,,
Ориг.док-та,"
все
подлинник
копия

",,,,,,,,,,,,,,
Договор,"
все
заключен
НЕ заключен

",,,,,,,,,,,,,,
1,166-140-249 47,6993,СПб ГБ ПОУ КПМ,1,221,219,72,80,-,67,2, ,Подлинник 2023-07-19,Есть,
2,143-497-405 75,5631,"ООО ""Газпром информ""",1,217,217,66,72,-,79, , ,Копия,Есть,
3,159-890-281 26,2366,"ФГБОУ ВО ""СПбГЭУ""",5,213,211,68,62,-,81,2, ,Подлинник 2023-07-12,Есть,
1,173-540-128 50,4260,2,268,258,80,83,-,95,10,Копия,Есть,,,
2,176-100-808 44,7683,1,257,257,76,90,-,91, ,Копия,Есть,,,
3,170-432-172 30,9166,2,249,249,82,90,-,77, ,Копия,Есть,,,
4,139-109-862 75,8654,3,241,241,70,80,-,91, ,Копия,Есть,,,
5,192-695-281 17,8219,2,237,237,78,79,52,80, ,Копия,Есть,,,
6,177-092-746 00,1260,1,231,229,78,78,55,73,2,Копия,Есть,,,
7,202-480-907 29,2669,2,217,217,72,75,-,70, ,Копия,Есть,,,
8,143-497-405 75,5631,2,217,217,66,72,-,79, ,Копия,Есть,,,
9,179-550-616 07,5879,3,216,216,74,59,-,83, ,Копия,Есть,,,
10,159-530-530 77,1076,1,212,212,74,51,-,87, ,Копия,Есть,,,
11,143-114-580 19,4940,3,211,211,66,62,-,83, ,Копия,Есть,,,
12,137-373-971 88,2193,1,207,207,68,75,-,64, ,Копия,Есть,,,
13,171-538-335 68,4795,1,197,195,68,54,-,73,2,Копия,Есть,,,
14,141-008-566 12,2729,2,187,187,70,48,-,69, ,Копия,Есть,,,
15,137-127-379 57,6207,1,187,187,64,51,-,72, ,Копия,Есть,,,
16,166-330-691 68,2470,4,168,168,58,46,-,64, ,Копия,Есть,,,
17,193-027-752 72,5541,2,159,159,68,-,-,91, ,Копия,Есть,,,
18,146-025-640 38,5269,3,155,155,52,40,-,63, ,Копия,Есть,,,
19,161-194-475 61,6843,2,146,146,27,56,-,63, ,Копия,Есть,,,
20,165-183-828 85,1323,2,144,134,40,-,-,94,10,Копия,Есть,,,
21,145-355-754 73,5295,1,130,130,60,-,-,70, ,Копия,Есть,,,
22,169-756-768 50,1085,1,91,91,52,0,-,39, ,Копия,Есть,,,
