,,,,,,,,,,,,,,,
Конкурсная группа,"

 
Бизнес-информатика - Деловая аналитика
Гостиничное дело - Организация и управление в гостиничном и ресторанном бизнесе
Государственное и муниципальное управление - Государственное и муниципальное управление в регионе
Информационные системы и технологии - Цифровизация экономической деятельности
Менеджмент (1 группа профилей (профили: Логистика и управление цепями поставок, Маркетинг и управление брендами))
Менеджмент (2 группа профилей (профили: Управление проектами, Управление бизнесом, Промышленный хайтек и урбанистик, Финансовый менеджмент и управление инвестициями, Международный бизнес))
Прикладная информатика - Управление бизнес-процессами и проектами
Прикладная математика и информатика - Прикладная математика и информатика в экономике и управлении
Сервис - Управление и дизайн в индустрии событий
Социология - Социология управления
Торговое дело - Коммерция и электронная торговля
Туризм - Организация и управление в индустрии туризма
Управление персоналом - Кадровый менеджмент
Экономика

",,,,,,,,,,,,,,
Приоритет,"
все
первый
второй
третий

",Статус,"
все
проект приказа
зачислен

",,,,,,,,,,,,
Ориг.док-та,"
все
подлинник
копия

",,,,,,,,,,,,,,
Договор,"
все
заключен
НЕ заключен

",,,,,,,,,,,,,,
1,168-829-954 46,7126,1,233,231,74,-,59,98,2, ,Подлинник 2023-07-19,Есть,,
1,184-791-582 23,7830,"ООО ""Газпром информ""",1,237,237,74,88,-,75, , ,Копия,Есть,
2,148-384-419 93,6798,Министерство финансов Российской Федерации,1,221,219,64,64,-,91,2, ,Копия,Есть,
3,159-890-281 26,2366,"ФГБОУ ВО ""СПбГЭУ""",4,213,211,68,62,-,81,2, ,Подлинник 2023-07-12,Есть,
1,173-540-128 50,4260,5,268,258,80,83,-,95,10,Копия,Есть,,,
2,176-100-808 44,7683,3,257,257,76,90,-,91, ,Копия,Есть,,,
3,168-827-510 14,5021,1,250,250,90,75,-,85, ,Копия,Есть,,,
4,170-432-172 30,9166,3,249,249,82,90,-,77, ,Копия,Есть,,,
5,139-109-862 75,8654,2,241,241,70,80,-,91, ,Копия,Есть,,,
6,192-695-281 17,8219,4,237,237,78,79,52,80, ,Копия,Есть,,,
7,202-480-907 29,2669,3,217,217,72,75,-,70, ,Копия,Есть,,,
8,143-497-405 75,5631,3,217,217,66,72,-,79, ,Копия,Есть,,,
9,179-550-616 07,5879,1,216,216,74,59,-,83, ,Копия,Есть,,,
10,196-021-443 59,2074,2,213,213,68,64,-,81, ,Копия,Есть,,,
11,159-530-530 77,1076,3,212,212,74,51,-,87, ,Копия,Есть,,,
12,143-114-580 19,4940,2,211,211,66,62,-,83, ,Копия,Есть,,,
13,157-976-381 35,4315,2,202,202,74,-,51,77, ,Копия,Есть,,,
14,171-538-335 68,4795,3,197,195,68,54,-,73,2,Копия,Есть,,,
15,137-127-379 57,6207,3,187,187,64,51,-,72, ,Копия,Есть,,,
16,193-925-408 04,3023,2,180,170,50,51,-,69,10,Копия,Есть,,,
17,146-025-640 38,5269,1,155,155,52,40,-,63, ,Копия,Есть,,,
18,161-194-475 61,6843,3,146,146,27,56,-,63, ,Копия,Есть,,,
19,165-183-828 85,1323,3,144,134,40,-,-,94,10,Копия,Есть,,,
20,159-794-505 33,1247,3,138,138,68,-,-,70, ,Копия,Есть,,,
21,145-906-566 86,6681,3,0,0,-,0,-,0, ,Копия,Есть,,,
