,,,,,,,,,,,,,,,
Конкурсная группа,"

 
Бизнес-информатика - Деловая аналитика
Гостиничное дело - Организация и управление в гостиничном и ресторанном бизнесе
Государственное и муниципальное управление - Государственное и муниципальное управление в регионе
Информационные системы и технологии - Цифровизация экономической деятельности
Менеджмент (1 группа профилей (профили: Логистика и управление цепями поставок, Маркетинг и управление брендами))
Менеджмент (2 группа профилей (профили: Управление проектами, Управление бизнесом, Промышленный хайтек и урбанистик, Финансовый менеджмент и управление инвестициями, Международный бизнес))
Прикладная информатика - Управление бизнес-процессами и проектами
Прикладная математика и информатика - Прикладная математика и информатика в экономике и управлении
Сервис - Управление и дизайн в индустрии событий
Социология - Социология управления
Торговое дело - Коммерция и электронная торговля
Туризм - Организация и управление в индустрии туризма
Управление персоналом - Кадровый менеджмент
Экономика

",,,,,,,,,,,,,,
Приоритет,"
все
первый
второй
третий

",Статус,"
все
проект приказа
зачислен

",,,,,,,,,,,,
Ориг.док-та,"
все
подлинник
копия

",,,,,,,,,,,,,,
Договор,"
все
заключен
НЕ заключен

",,,,,,,,,,,,,,
1,168-829-954 46,7126,1,233,231,74,-,59,98,2, ,Подлинник 2023-07-19,Есть,,
1,184-791-582 23,7830,"ООО ""Газпром информ""",1,237,237,74,88,-,75, , ,Копия,Есть,
2,148-384-419 93,6798,Министерство финансов Российской Федерации,1,221,219,64,64,-,91,2, ,Копия,Есть,
3,159-890-281 26,2366,"ФГБОУ ВО ""СПбГЭУ""",4,213,211,68,62,-,81,2, ,Подлинник 2023-07-12,Есть,
