,,,,,,,,,,,,,,
Конкурсная группа,"

 
Бизнес-информатика - Деловая аналитика
Гостиничное дело - Организация и управление в гостиничном и ресторанном бизнесе
Государственное и муниципальное управление - Государственное и муниципальное управление в регионе
Информационные системы и технологии - Цифровизация экономической деятельности
Менеджмент (1 группа профилей (профили: Логистика и управление цепями поставок, Маркетинг и управление брендами))
Менеджмент (2 группа профилей (профили: Управление проектами, Управление бизнесом, Промышленный хайтек и урбанистик, Финансовый менеджмент и управление инвестициями, Международный бизнес))
Прикладная информатика - Управление бизнес-процессами и проектами
Прикладная математика и информатика - Прикладная математика и информатика в экономике и управлении
Сервис - Управление и дизайн в индустрии событий
Социология - Социология управления
Торговое дело - Коммерция и электронная торговля
Туризм - Организация и управление в индустрии туризма
Управление персоналом - Кадровый менеджмент
Экономика

",,,,,,,,,,,,,
Приоритет,"
все
первый
второй
третий

",Статус,"
все
проект приказа
зачислен

",,,,,,,,,,,
Ориг.док-та,"
все
подлинник
копия

",,,,,,,,,,,,,
Договор,"
все
заключен
НЕ заключен

",,,,,,,,,,,,,
1,144-343-712 43,7290,1,231,231,66,80,-,85, , ,Подлинник 2023-07-14,Есть,
1,168-657-233 15,6701,1,174,172,58,59,-,55,2, ,Подлинник 2023-07-11,Есть,
1,173-540-128 50,4260,4,268,258,80,83,-,95,10,Копия,Есть,,
2,176-100-808 44,7683,2,257,257,76,90,-,91, ,Копия,Есть,,
3,170-432-172 30,9166,1,249,249,82,90,-,77, ,Копия,Есть,,
4,139-109-862 75,8654,1,241,241,70,80,-,91, ,Копия,Есть,,
5,192-695-281 17,8219,3,237,237,78,79,52,80, ,Копия,Есть,,
6,202-480-907 29,2669,1,217,217,72,75,-,70, ,Копия,Есть,,
7,143-497-405 75,5631,4,217,217,66,72,-,79, ,Копия,Есть,,
8,179-550-616 07,5879,2,216,216,74,59,-,83, ,Копия,Есть,,
9,196-021-443 59,2074,1,213,213,68,64,-,81, ,Копия,Есть,,
10,159-530-530 77,1076,2,212,212,74,51,-,87, ,Копия,Есть,,
11,143-114-580 19,4940,1,211,211,66,62,-,83, ,Копия,Есть,,
12,137-373-971 88,2193,2,207,207,68,75,-,64, ,Копия,Есть,,
13,171-538-335 68,4795,2,197,195,68,54,-,73,2,Копия,Есть,,
14,141-008-566 12,2729,1,187,187,70,48,-,69, ,Копия,Есть,,
15,137-127-379 57,6207,2,187,187,64,51,-,72, ,Копия,Есть,,
16,193-925-408 04,3023,3,180,170,50,51,-,69,10,Копия,Есть,,
17,146-025-640 38,5269,2,155,155,52,40,-,63, ,Копия,Есть,,
18,161-194-475 61,6843,1,146,146,27,56,-,63, ,Копия,Есть,,
19,165-183-828 85,1323,1,144,134,40,-,-,94,10,Копия,Есть,,
20,145-355-754 73,5295,2,130,130,60,-,-,70, ,Копия,Есть,,
21,169-756-768 50,1085,2,91,91,52,0,-,39, ,Копия,Есть,,
22,166-421-278 64,1124,2,85,85,50,-,-,35, ,Копия,Есть,,
23,145-906-566 86,6681,2,0,0,-,0,-,0, ,Копия,Есть,,
